company_brand,sector,stage,amount_usd,what_it_does,year,city
thecollegefever,Brand Marketing,seed,3654.0,"TheCollegeFever is a hub for fun, fiesta and frolic of Colleges.",2018,Bengaluru
happy cow dairy,Agriculture,seed,584710.0,A startup which aggregates milk from dairy farmers in rural Maharashtra.,2018,Mumbai
myloancare,Credit,series a,950153.0,Leading Online Loans Marketplace in India,2018,Gurugram
payme india,Financial Services,angel,29235.0,PayMe India is an innovative FinTech organization which offers short term financial suport to corporate employees.,2018,Noida
eunimart,E-Commerce Platforms,seed,,Eunimart is a one stop solution for merchants to create a difference by selling globally.,2018,Hyderabad
hasura,Cloud Infrastructure,seed,23388.0,"Hasura is a platform that allows developers to build, deploy, and host cloud-native applications quickly.",2018,Bengaluru
tripshelf,Internet,seed,233884.0,Tripshelf is an online market place for holiday packages.,2018,Kalkaji
hyperdataio,Market Research,angel,730887.0,Hyperdata combines advanced machine learning with human intelligence.,2018,Hyderabad
freightwalla,Information Services,seed,,Freightwalla is an international forwarder thats helps you manage supply chain by providing online tools including instant quotations.,2018,Mumbai
microchip payments,Mobile Payments,seed,,Microchip payments is a mobile-based payment application and point-of-sale device,2018,Bengaluru
bizcrum infotech pvt ltd,B2B,seed,,Building Transactionary B2B Marketplaces,2018,Delhi
emojifi,Internet,seed,,"Emojifi is an app that provides live emoji, stickers & GIFs suggestions based on the typed words across chat platforms.",2018,Bengaluru
freshboxx,Food Delivery,seed,,"Freshboxx is incubated at Sandbox Startups, a unit of the Deshpande Foundation.",2018,Hubli
wide mobility mechatronics,Industrial Automation,seed,,Wide Mobility Mechatronics is a Private Company limited by Shares,2018,Bengaluru
pitstop,Automotive,seed,1461775.0,Pitstop offers general repair and maintenance services for cars through its doorstep service vehicles.,2018,Bengaluru
mihuru,Finance,seed,2193.0,Mihuru is an online platform which gives micro loans for air travel .,2018,Mumbai
fyle,Accounting,seed,16080.0,Fyle is an intelligent expense management platform for enterprises.,2018,Bengaluru
appwharf,Artificial Intelligence,seed,,Appwharf is an intelligent assistant that helps find you the best-fit SaaS for your business.,2018,New Delhi
antariksh waste ventures pvt ltd,Internet of Things,seed,7309.0,Waste Management for Smart Cities,2018,Chennai
cogoport,Air Transportation,series a,87706.0,Cogoport is a platform that provides freight buying industry with spot rates and bidding process for freight buyers.,2018,Mumbai
paisadukan,Financial Services,seed,9502.0,A P2P lending marketplace platform,2018,Mumbai
sleepy owl coffee,Food and Beverage,seed,511621.0,"Makers of a signature coffee that's exceptional in taste. It's super easy to brew, requires no equipment & ships to your door.",2018,New Delhi
bluejack,Autonomous Vehicles,seed,935536.0,Delhi-based online used vehicles marketplace.,2018,Delhi
pregbuddy,Enterprise Software,seed,,PregBuddy is a smart connected care platform for expecting mothers.,2018,Bengaluru
agnext technologies,Agriculture,series a,,AgNext is an agricultural sensing and solutions company focused on building data-driven solutions for agricultural stakeholders,2018,Mohali
pando,Logistics,seed,29235.0,A startup which digitizes logistics operations for Fortune 500 companies.,2018,Chennai
mintifi,Financial Services,seed,29235.0,Online lending startup based in Mumbai.,2018,Mumbai
carcrew,Automotive,seed,29235.0,India's Online Auto Repair Marketplace,2018,Mumbai
nicheai,Artificial Intelligence,angel,,Early stage Artificial Intelligence (AI) start up.,2018,Hyderabad
chariot tech,Internet of Things,seed,292355.0,Chariot Tech is an Internet of Things (IoT) startup based in New Delhi.,2018,New Delhi
ideal insurance brokers 121policycom,Insurance,seed,14618.0,Ideal Insurance Broking is one of the leaders in insurance broking domain.,2018,Kolkata
loanzen,Financial Services,seed,,Loanzen helps small businesses get unsecured working capital loans against their their pending invoices.,2018,Bengaluru
mojro technologies,Information Technology,seed,9502.0,Mojro envisions to be the world's largest technology-enabled logistics platform.,2018,Bengaluru
elemential,Blockchain,seed,14618.0,"Blockchain Development Platform To Design, Run & Scale Blockchain Networks.",2018,Mumbai
loadshare,Industrial Automation,series a,73089.0,LoadShare is India’s fastest growing logistics company,2018,Bengaluru
yumlane,Food and Beverage,series a,58471.0,Food startup Yumlane operated by QwikPik Technology,2018,Mumbai
kriger campus,Education,seed,438532.0,A Education Start Up.,2018,New Delhi
pipabella,E-Commerce,series a,14618.0,Pipa+Bella is an online store aimed at selling fashionable and affordable costume jewelry at par with international standards and trends,2018,Mumbai
kaleidofin,Financial Services,seed,40930.0,A fintech platform.,2018,Chennai
chakr innovation,Renewable Energy,seed,,Chakr has developed the world’s first retro-fit emission control device for diesel generators.,2018,New Delhi
indigolearn,E-Learning,seed,2193.0,India's the premier education destination catering to the needs of aspiring students of the CA community.,2018,Hyderabad
coutloot,E-Commerce,seed,14618.0,The Fashion Re-commerce platform.,2018,Mumbai
letstrack,Apps,seed,24850.0,"Letstrack GPS tracking devices to track your kids, bike, car and other vehicles. GPS trackers for Vehicle Tracking System in India.",2018,New Delhi
pooltoo,Transportation,seed,,Pooltoo offers a premium ride sharing platform.,2018,New Delhi
finzy,Financial Services,seed,19003.0,finzy is the premier peer to peer lending solution in India.,2018,Bengaluru
fitternity,Fitness,seed,29235.0,India's largest online fitness platform that provides an integrated eco-system to help users start & sustain their fitness journey,2018,Mumbai
keito,Artificial Intelligence,seed,,Building an Intelligent Digital Assistant.,2018,Pune
tolet for students,Hospitality,seed,73089.0,"Reserve your Room, Hostel or Paying Guest, while relocating for higher education.",2018,Jodhpur
chai kings,Food and Beverage,seed,292355.0,Chai Kings is a tea retail chain,2018,Chennai
dainik jagran,Media and Entertainment,seed,584710.0,Dainik Jagran is a media and communications group.,2018,Kanpur
playtoome,Broadcasting,seed,292355.0,Playtoome is a live entertainment destination,2018,Bengaluru
ongo framework,B2B,angel,14618.0,ONGO Framework is a B2B IT and digital solution provider.,2018,Hyderabad
notesgen,Edtech,seed,182722.0,A Global Peer-to-Peer and Peer-to-Group Learning Platform that helps students supplement their academic & competitive exam prep.,2018,New Delhi
arogya medtech,Healthcare,seed,219266.0,Arogya MedTech is a Research & Development organization in Bio-Medical industry.,2018,Kolkata
propshop24,E-Commerce,seed,7309.0,"Propshop24, a one-stop shop for a handpicked selection of 'fun'tastic products from around the world.",2018,Mumbai
myupchar,Healthcare,series a,73089.0,To bring health issues to people in their language.,2018,New Delhi
missmalini entertainment,,seed,1520246.0,"MissMalini Entertainment is a multi-platform new media network dedicated to Entertaining, Connecting & Empowering young Indians.",2018,Mumbai
zestmoney,Big Data,series a,195878.0,Zest is India's first completely automated consumer digital lending platform.,2018,Bengaluru
alphaics corporation,Cloud Computing,seed,,Advancing AI compute,2018,Bengaluru
mydentistchoice,Healthcare,seed,7309.0,MyDentistChoice is a direct sales and distribution of dental equipment and accessories from top name manufacturers,2018,Hyderabad
sattviko,Food Processing,angel,,Sattviko fosters wellness and shares Indianness through the Sattvik way of cooking that is wholesome and tasty!,2018,New Delhi
sensibull,Trading Platform,seed,365444.0,Investment Management Platform,2018,Bengaluru
bombay shaving company,Consumer Goods,series a,,Bombay Shaving Company is a Men's grooming startup,2018,New Delhi
medcords,Wellness,seed,385908.0,Medcords is India’s first holistic healthcare ecosystem on a cloud platform that makes health management easier,2018,Pune
university living,Education,seed,,University Living is an online global student housing marketplace.,2018,New Delhi
me,Food and Beverage,seed,,Food and Beverage startup focussing on developing products using ayurveda with modern science for women empowerment and fitness.,2018,Bengaluru
enakshi,Fashion,seed,116942.0,Enakshi is an online apparel brand for women.,2018,Ahmedabad
ultraviolette automotive,Automotive,series a,877.0,Ultraviolette is a startup working on electric two-wheelers and energy infrastructure.,2018,Bengaluru
inthree access,Consulting,series a,58471.0,Inthree Access is an impact venture that connects the most inaccessible rural markets with products that can transform lives in Rural India.,2018,Chennai
bugworks research india,Biotechnology,series a,131560.0,BUGWORKS is a drug discovery company.,2018,Bengaluru
guardianin,Healthcare,seed,,GNC is a leading global specialty retailer of health and wellness products that takes pride to be the world's largest company,2018,Mumbai
prestloans,Credit,seed,1462.0,"PrestLoans New age tech driven RBI regd NBFC helping businesses by providing easy, quick n hassle free loans.",2018,New Delhi
wimoxez,Internet,seed,292.0,"Data Intelligence Publishing Platform, We bring the best resources to learn valuable technologies which will shape tomorrow.",2018,Hyderabad
india accelerator,Communities,angel,,India Accelerator runs mentorship-driven incubation and acceleration programs for start ups.,2018,Gurugram
happyemi,Consumer,seed,14618.0,HappyEMI is a point of sale digital lending platform that helps consumers finance their purchases in-store and online,2018,Bengaluru
wishup,Consumer Applications,seed,,Premium Personal Assistance service,2018,Azadpur
hanselio,Mobile,series a,58471.0,"Hansel, a mobile app management platform, provides the infrastructure that companies need, in order to personalize product experiences.",2018,Bengaluru
propelld,Education,seed,3654.0,Propelld is a student education financing platform.,2018,Bengaluru
pivotroots,Advertising,series a,,Digital Marketing powered by Data & Technology; fueled by Design thinking,2018,Mumbai
ziffyhomes,Marketplace,seed,1754.0,ZiffyHomes is a technology driven marketplace to find out home on rent.,2018,New Delhi
carmesi,Healthcare,seed,497003.0,Carmesi is a brand of high-end menstrual-hygiene products in India.,2018,Gurugram
racetrack,Artificial Intelligence,seed,4999269.0,"Racetrack is a sales and support-focused AI-driven platform designed for education, real estate, and e-commerce sectors.",2018,Bengaluru
whr,Healthcare,seed,2092.0,"WHR is to make affordable healthcare a reality for all. Our vision is to make healthcare services easier, better and more accessible.",2018,Pune
asteria aerospace,Aerospace,seed,,Asteria Aerospace is a robotics and artificial intelligence company.,2018,Bengaluru
faballey,E-Commerce,series b,8770648.0,"FabAlley is the ultimate Indian fashion destination for fashion-forward, indie-chic girls. Founded in 2012, Tanvi Malik and Shivani Poddar",2018,Noida
tranzmeo,Artificial Intelligence,pre seed,,Tranzmeo Connect : is A Complete Comprehensive Anomaly forensic Solution with Actionable Insights.,2018,Kochi
sbi life,Insurance,private equity,10846367.0,SBI Life is one of the life insurance company that offers a range of life insurance plans and policies to protect you and your family.,2018,Mumbai
studds accessories,E-Commerce,private equity,14617746.0,Studds Accessories is a scooter accessories service provider in India,2018,Faridabad
design cafe,Home Decor,series b,29235492.0,"Design + Execution Organization that delivers beautiful & innovative designs for Home Interiors, in any budget.",2018,Bengaluru
nopaperforms solutions pvt ltd,Edtech,series b,58179.0,"NoPaperForms is a marketing automation, lead nurture and enrolment management platform for educational institutions",2018,New Delhi
rays power infra,Energy,venture series unknown,29235492.0,Rays Power Infra is a leading integrated Solar Power Company.,2018,Jaipur
authmetrik,B2B,grant,146.0,"SaaS, B2B, Security, Stop account sharing, Fraud Detection",2018,Gurugram
khidki,Artificial Intelligence,seed,,Vernacular Social Network Focused on Town Level Content and Interactions,2018,Bengaluru
letstransport,Logistics,series b,14617746.0,Lets transport is a logistics solution provider.,2018,Bengaluru
next digital solutions,Digital Marketing,angel,1462.0,Next Digital Solutions is website design & Digital Marketing development company.,2018,Kota
portea medical,Healthcare,debt financing,3654436.0,Portea Medical is the largest and fastest growing provider of in-home medical care in India today with a 24-city network.,2018,Bengaluru
aavas financiers,Finance,post ipo debt,29235492.0,"Aavas Financiers is engaged in the business of providing housing loans, primarily in the un-served, unreached and under-served market.",2018,Jaipur
swiggy,Food Delivery,series h,14617746.0,Swiggy is a food ordering and delivery company that provides food service solutions for restaurants.,2018,Bengaluru
nutrisattva proliva,Fitness,angel,,Nutrisattva is a protein innovation compan,2018,Anand
toppr,Edtech,series c,511621.0,Toppr.com is an online preparation platform for entrance exams in India.,2018,Mumbai
jagaran microfin,,debt financing,8039760.0,Jagaran Microfin is a Microfinance institution which achieves a healthy amalgamation of social and financial,2018,Kolkata
vivriti capital,Financial Services,venture series unknown,416606.0,Vivriti Capital is an online platform for institutional debt in India.,2018,Chennai
be u salons,Apps,seed,438532.0,Be U is India's first subscription based Salon Chain.,2018,New Delhi
impact guru,Creative Agency,series a,29235.0,"We're a Harvard incubated crowdfunding platform for nonprofits, social enterprises, startups and individuals.",2018,Mumbai
mobikwik,Consumer Lending,series e,3508259.0,MobiKwik is a payments backed fintech platform in India. MobiKwik App offers instant loans & investment products to the 500M masses of India,2018,Gurugram
stones2milestones,E-Learning,seed,,Stones2milestones is a Gurgaon Based Learning Company.,2018,Gurugram
generico,Healthcare,series a,,Generico is the fastest growing specialized pharmacy retail chain of Generic medicines.,2018,Mumbai
adiuvo diagnostics,Health Diagnostics,seed,,Adiuvo Diagnostics is a medical diagnostic device company based in India.,2018,Chennai
datatrained,Edtech,seed,1754130.0,"DataTrained is a educational platform, which operates an ed-tech startup on data science",2018,Bengaluru
oneassist,Financial Services,debt financing,35083.0,OneAssist is a protection & assistance services platform.,2018,Mumbai
satin creditcare network limited scnl,Banking,post ipo debt,438532.0,Satin is a non-banking finance company providing individual loans to urban shopkeepers.,2018,New Delhi
apac financial services,Finance,private equity,36544365.0,APAC Financial Services is a financial services platform.,2018,Mumbai
moglix,B2B,series c,336208.0,"Moglix is a supplier of industrial tools like hand tools, power tools, electrical, and safety equipment.",2018,Noida
sedemac mechatronics,Automotive,venture series unknown,,SEDEMAC Mechatronics is technology company that distributes control-intensive products for automobiles.,2018,Mumbai
madguy labs,E-Learning,venture series unknown,2193.0,MadGuy Labs is a Online Test-prep Platform.,2018,Hyderabad
dee dee labs,Embedded Systems,seed,,Dee Dee Labs is design and development lab with a primary focus on the development of next generation of bionic prostheses.,2018,Pune
fleeca,,seed,,FLEECA is a Tyre Care Provider company.,2018,Jaipur
shop101,Apps,series b,160795.0,#1 Online Selling App. India’s leading social commerce platform. Setup free online store in 2 min. Sell own goods or resell Shop101 Supply.,2018,Mumbai
feedmypockets,Advertising,seed,643181.0,On Demand Staffing Platform,2018,Bengaluru
housejoy,Beauty,series b,47361.0,Housejoy is a web-based platform that allows individuals to browse and book service providers for their homes.,2018,Bengaluru
ambee,Healthcare,angel,,Ambee is an Environment analytics startup.,2018,Bengaluru
foodbuddy,Food Delivery,seed,877065.0,"FoodBuddy is a online food delivery portal, providing boundary breaking delivery.",2018,Belgaum
ninjacart,AgTech,series b,36544365.0,Ninjacart is a B2B agri-marketing platform that connects vegetables and fruits farmers directly with businesses.,2018,Bengaluru
olly smart credit card,Credit Cards,seed,,Olly is a digital credit card for India's working masses and young people.,2018,New Delhi
zestl,Software,seed,,"No-Code Workflow Automation. Build enterprise applications in days with AI, Cognitive Automation, Collaboration and more built in.",2018,Pune
byjus,Edtech,private equity,7893583.0,BYJU’s is an edtech company that is reinventing how students learn through its learning app.,2018,Bengaluru
wakefit,Manufacturing,venture series unknown,9501535.0,Wakefitkart is a mattress manufacturing company. We manufacture the best quality mattresses at affordable prices.,2018,Bengaluru
hero electric,Manufacturing,venture series unknown,23388394.0,"Hero Electric, a 100% subsidiary of the Hero Group, is a pioneer in the Indian Electric Vehicle Industry.",2018,New Delhi
pentation analytics,Information Services,seed,,Pentation as an Insurtech enables insurers and intermediaries with our Insurance Analytics Suite- an Insurance specific AI/ML Software Suite,2018,Mumbai
perkfinance,Consumer Lending,seed,13156.0,PerkFinance partners with employers to provide affordable loans to their employees at no cost to the company,2018,Bengaluru
roposo,Internet,series c,146177.0,Roposo - TV by the People is a unique social media platform where people express visually with homemade videos and photos.,2018,Gurugram
plum goodness,Beauty,series a,,Plum Haircare Is Silicone-Free & Sulphate-Free. Designed For Damaged & Dandruff-Free Hair,2018,Thane
drstore,Hospital,seed,,Drstore is a exclusive e- commerce platform.,2018,Mumbai
wow venue,Events,venture series unknown,21927.0,Wow Venue is an online platform.,2018,Mumbai
chizel,3D Printing,seed,,Chizel is a worlds most advanced cloud platform for on-demand manufacturing in 3D Printing and CNC Machining,2018,Pune
oto capital,Automotive,seed,730887.0,OTO Capital is a platform that allows you to own a car faster than ever.,2018,Mumbai
boodmo,Automotive,seed,1023242.0,boodmo.com - large online marketplace for auto parts in India.,2018,Gurugram
mynewcarin,Automotive,venture series unknown,14618.0,MyNewCar.in offers new cars at best price with great deals. Book a new car online or request a doorstep test drive,2018,Gurugram
halaplay technologies,Digital Entertainment,series a,73089.0,A daily fantasy sports platform.,2018,Bengaluru
planetspark,E-Learning,seed,233884.0,PlanetSpark is an after-school Maths and English learning program for pre teen kids between Grades 2nd to 7th.,2018,Gurugram
wheelsemi,,series b,204648.0,"WheelsEMI is the brand name of NBFC, WheelsEMI Pvt. Ltd.",2018,Pune
forum for innovation incubation research and entrepreneurship,Funding Platform,grant,1498319.0,"FiiRE, a technology business incubator helps the startup process to move from the garage to the lab.",2018,Margão
oyo,Hospitality,series e,1461775.0,OYO is an Indian hospitality startup that operates a network of budget hotels.,2018,Gurugram
quikr,Classifieds,debt financing,8039760.0,"Quikr is a free classifieds and online marketplace that helps users sell, buy, rent, or discover anything across India.",2018,Bengaluru
tabono,Sports,seed,,Tabono is a one stop environment for all your fitness solution.,2018,Gurugram
learnapp,Banking,seed,292355.0,"Learnapp.co - Video courses & live classes in investing, trading, banking and finance.",2018,Noida
shopkirana,E-Commerce,venture series unknown,29235.0,Shopkirana connects brands and traditional retailers with the help of technology and supply chain innovation.,2018,Indore
fric bergen,,venture series unknown,,Fric Bergen is a leader in the specialty food industry.,2018,Alwar
articbot,Artificial Intelligence,grant,17541.0,Articbot is a conversational AI platform for automated customer support and lead generation,2018,Kannur
buildsupply,Enterprise Resource Planning (ERP),series a,3654436.0,India’s most advanced ERP system for the real estate,2018,Gurugram
fusion microfinance,Banking,series e,76012279.0,Fusion Microfinance Pvt. Ltd. is an NBFC registered with RBI,2018,New Delhi
any time doctor,Software,angel,,Anytime Doctor is a Software company.,2018,Chennai
go payments,Information Services,corporate round,,Go Payments was founded with the mission of assisting consumers with performing a whole host of financial services at their doorstep.,2018,Mumbai
guiddoo world,Audio,seed,11694.0,We build In-Destination Experiences!,2018,Mumbai
ion energy,Energy,venture series unknown,15217.0,A stealth startup building a layer of infrastructure for highly efficient energy storage systems.,2018,Mumbai
unotag,Artificial Intelligence,pre seed,1462.0,SaaS to verify counterfeit,2018,Bengaluru
civilcops,Government,pre seed,1462.0,Gov-Tech,2018,Gurugram
rockmetric,Information Technology,grant,,"Smarter analytics to understand how each customer uses your product. Drive growth in conversion, retention and engagement.",2018,Mumbai
classworks india,Education,undisclosed,1462.0,"Saas, Web App, Mobile App, School Education",2018,Chennai
snapmint,Consumer Lending,seed,,"Snapmint facilitates simplified, fairly-priced and hassle-free EMI options without a Credit Card.",2018,Mumbai
artbandhu,Digital Media,pre seed,219.0,Ai platform for Art and Creative Community,2018,Bengaluru
survaider,Business Intelligence,seed,7309.0,Stethoscope for customer feedback !,2018,Bengaluru
credy,Credit,seed,20465.0,Credy is a fintech platform that connects borrowers seeking capital with lenders seeking market beating returns.,2018,Bengaluru
ichamp,E-Learning,seed,73089.0,iChamp is an e education innovation product from RNM E-Services Pvt Ltd.,2018,Gurugram
qandle,Software,seed,17541.0,A cloud-based HR management and employee engagement platform.,2018,Gurugram
avishkaar box,Children,seed,730887.0,"Avishkaar Box is just not another box full of material rather it is a well researched, thought through solution",2018,Delhi
gegadyne energy,Automotive,angel,,A Mumbai-based startup Electric Vehicle (EV) & Energy Storage company.,2018,Mumbai
hyperxchange,E-Commerce,series a,14618.0,hyperXchange is India's fastest growing O2O marketplace for premium refurb gadgets,2018,Pune
deftouch,,seed,,Deftouch is a mobile game development company that currently focuses on winning the Cricket gaming market with a social multiplayer game.,2018,Bengaluru
doodhwala,Food Delivery,seed,32159.0,Doodhwala is an online milk delivery startup that offers over 70 varieties of milk along with a plan based on clients' requirement.,2018,Bengaluru
dronahq,Mobile,angel,7309.0,DronaHQ is an enterprise mobile engagement platform.,2018,Mumbai
fastfox,Rental,series a,1461775.0,FastFox: Market Network for Home Rentals (India),2018,Gurugram
buyforexonline,Travel,,29235.0,BuyForexOnline.com is India's first completely online provider for buying Foreign Exchange.,2018,Bengaluru
colivein,Consumer,seed,26312.0,A technology powered network of Branded Serviced Homes conveniently located near educational institutions & workplaces.,2018,Bengaluru
agricxlab private limited,B2B,seed,7309.0,Online marketplace where farmers and traders can sell their produce to B2B buyers,2018,Thane
corefactors,,seed,,"Corefactors is a leading campaign management, business communication and analytics company.",2018,Bengaluru
fincashcom,Wealth Management,seed,2193.0,A startup in the personal finance space in India .,2018,Mumbai
pandorum technologies,Biotechnology,series a,52624.0,Bengaluru based biotech startup.,2018,Bengaluru
shirsa labs,Education,seed,7309.0,Shirsa Labs is a cognitive skill assessment and training portal that provides children with fun educational games.,2018,Mumbai
petsutra,Veterinary,seed,138869.0,Gurugram-based Online petcare platform.,2018,Gurugram
awaaz de,Internet,angel,,Awwaz.De develops inclusive mobile solutions that enable organizations to achieve last-mile connectivity for social impact.,2018,Ahmedabad
pinkblue,Healthcare,seed,4385.0,PinkBlue.in - Super-efficient supply-chain for clinical supplies,2018,Bengaluru
eduvanz,Finance,angel,7309.0,"Eduvanz is new, innovative finance company, which is completely revolutionizing the student loan market.",2018,Mumbai
rupeek,Financial Services,series a,99839.0,Rupeek is an asset backed online lending platform currently operating in the space of Gold loans.,2018,Bengaluru
backpacker panda holidays private limited,Tourism,series a,20465.0,Backpacker Panda is creating an ecosystem for youth accommodation and travel.,2018,Pune
shape school health and physical education,Education,seed,2924.0,Physical education start up,2018,Pune
placio,Hospitality,seed,29235.0,Placio is a student housing and a complete broker-free platform.,2018,Noida
aviom india housing finance,Finance,series a,2192662.0,Delhi based housing finance company.,2018,New Delhi
genrobotic,Market Research,seed,,A Robotic Company.,2018,Thiruvananthapuram
heyholidays,Tourism,seed,14618.0,"HeyHolidays, a global player in online vacation rentals.",2018,Bengaluru
pratilipi,Digital Media,series a,62856.0,Amazon's Kindle Direct Publishing for Indian Languages,2018,Bengaluru
sectorqube,Consumer Electronics,seed,,SectorQube develops smart kitchen devices that make food automatically.,2018,Ernakulam
food memories,Food and Beverage,seed,,Iconic Indian Delicacies from the most renowned vendors of India Delivered Globally.,2018,Ahmedabad
silversparro technologies pvt ltd,Analytics,seed,4385.0,Silversparro is a deep learning technology solution provider.,2018,Gurugram
creators gurukul,Facilities Support Services,angel,,A coworking space provider.,2018,Gurugram
emflux motors,Automotive,seed,5333.0,Emflux Motors is committed to bring clean and sustainable energy into a state of universal acceptance through technological innovation.,2018,Bengaluru
tricog health services pvt ltd,Healthcare,series a,58471.0,Predictive Healthcare Analytics Company,2018,Bengaluru
scapic,Cloud Computing,seed,7309.0,Virtual/Augmented Reality Start Up .,2018,Bengaluru
6degree,Fashion,seed,5847.0,A fashion enterprise that provides a launchpad to fashion talent and brands using a tech enabled platform,2018,Mumbai
chrysalis ez vidya,Education,seed,,Chrysalis (EZ Vidya) is India’s leading educational research and innovation organization,2018,Chennai
ekincare,Medical,series a,21927.0,EKincare empowers you to take charge of your health by enabling you to monitor critical medical info and make it available anywhere.,2018,Hyderabad
streo,Music Streaming,seed,,"Live stream music from nightclubs, bars & festivals!",2018,Gurugram
groww,Finance,seed,1754.0,Groww offers a new way of investing money.,2018,Kormangala
cell propulsion,,seed,102324.0,Cell Propulsion is an electric mobility startup that designs autonomous electric vehicles.,2018,Bengaluru
chezuba,Internet,angel,20465.0,Chezuba is a web-based platform enabling skilled professionals to volunteer online with Non-profits worldwide,2018,Hyderabad
ontrack technologies pvt ltd,Retail,seed,,Ontrack provides affordable independent transport to those dependent on cabs and autos for commute by renting bikes on a monthly basis.,2018,Bengaluru
wealthtrust,Finance,seed,7309.0,Wealthtrust offers a wealth manager application that enables its users to invest and manage their investments online.,2018,Mumbai
faclon labs,Cloud Computing,seed,,Faclon is an IoT and data analytics based tech startup building products to make cities and villages smart.,2018,Mumbai
awign enterprises,Business Development,seed,730887.0,Operations and manpower outsourcing startup,2018,Bengaluru
collpoll,Education,seed,,World-class Enterprise System for Education.,2018,Bengaluru
zyla health,Healthcare,seed,,Zyla is transforming the way healthcare is delivered in India with specific focus on high-risk chronic patients.,2018,New Delhi
hubhopper,Internet,series a,7309.0,Get your daily dose of interest as summaries from news and magazine stories .,2018,Delhi
rubix108 technologies,Information Technology,seed,14618.0,Rubix Total App makes it effortless for Institutes to send home important information and updates about the day’s learning experiences.,2018,Pune
workflexi,Human Resources,seed,146177.0,"Be Smart, Work on Contract,Be Smart, Hire on Contract",2018,Bengaluru
streak,Financial Services,seed,328899.0,Algorithmic trading platform.,2018,Bengaluru
kuants,Financial Services,seed,73089.0,Algorithmic trading platform.,2018,Gurugram
niyo solutions,Finance,series a,192954.0,NiYO is a fintech company that helps salaried employees access company benefits and other financial services.,2018,Bengaluru
hippo video,Customer Service,seed,,A video recording and sharing software.,2018,Chennai
satvacart,E-Commerce,seed,,Satvacart is a Gurgaon’s largest online supermarket,2018,Gurugram
daaki,Healthcare,angel,,Sports Nutrition startup,2018,Bengaluru
simulanis,Training,seed,7309.0,A Delhi-based Augmented Reality and Virtual Reality technology development company.,2018,New Delhi
my chiraag cab,Travel,seed,14618.0,MY CHIRAAG CAB SERVICES PVT LTD,2018,Jaipur
wotu,Food and Beverage,seed,,It operates a business-to-business e-commerce portal for food and beverages.,2018,Bengaluru
flathalt,,angel,731.0,FInd your Customized Home here.,2018,Gurugram
true elements,Dietary Supplements,seed,730887.0,True elements offers a range of high-quality snacks and supplements that are inspired by natural foods consumed by our ancestors.,2018,Pune
trendlyne technologies,Financial Services,seed,2924.0,Trendlyne Technologies is a stock market analytics platform and marketplace for retail investors.,2018,Bengaluru
planys technologies,Manufacturing,series a,2049408.0,Planys Technologies is India’s first and only manufacturer of compact ROVs providing underwater robotic inspection and survey solutions.,2018,Chennai
healthplix,Fitness,series a,43853.0,HealthPlix is a healthtech startup,2018,Bengaluru
dishq,,seed,5847.0,dishq leverages food science and machine learning (AI) to understand and predict people's tastes.,2018,Bengaluru
entropik technology,Artificial Intelligence,seed,16080.0,The boundaries between Human and Machines are shrinking fast.,2018,Bengaluru
myhq,Collaboration,series a,7309.0,myHQ turns your everyday coffee space into a perfect work zone. Get an amazing work environment without paying any rent.,2018,Delhi
trell,,seed,18272.0,Trell is a location based network which helps you in exploring amazing experiences and annotating places around you.,2018,Bengaluru
kidovators by gyanlab,Big Data,seed,2631.0,Building future human capital through 21st Century Skills programs for K-12,2018,Bengaluru
log 9 materials,Nanotechnology,seed,438532.0,Log 9 Materials is a nano-materials manufacturing and RnD startup,2018,Uttar Pradesh
vtion,Analytics,seed,280661.0,VTION is a media technology innovation firm aiming to solve key problems in the media based ecosystem.,2018,Gurugram
housingmancom,,seed,1505628.0,"New Apartments, Flats for Sale in Bangalore",2018,Bengaluru
steradian semiconductors,,seed,,It is a fabless semiconductor company focused on CMOS millimeter wave products for Radar.,2018,Bengaluru
rupeecircle,Financial Services,seed,584710.0,RupeeCircle is a new age finance company.,2018,Mumbai
wooden street,E-Commerce,series a,14618.0,Woodenstreet.com ensures to fulfill customer’s unique furniture requirements by crafting one-of-a-kind furniture pieces.,2018,Jaipur
the ken,Digital Media,series a,21927.0,The Ken is India’s first subscriptions-only business news site,2018,Bengaluru
saffronstays,,seed,29235.0,SaffronStays connects travellers to India's Incredible hosts.,2018,Mumbai
vebbler,File Sharing,seed,,A personal network for close people,2018,Bengaluru
foyr,Home Decor,series a,61395.0,"Foyr.com is India's first online, automated interior designer",2018,Pune
mengage,Healthcare,seed,2558.0,MEngage is a mass consumer engagement application for doctors on both android and IOS platforms.,2018,Jaipur
inner being wellness,,angel,511621.0,"Inner Being Wellness manufactures beauty, wellness, and nutrition products.",2018,Hyderabad
kobster,E-Commerce,seed,,Kobster is a pioneer of B2B eProcurement and an eMarketplace providing Corporates an end-to-end solution for their procure-to-pay cycle.,2018,Chennai
wishberry,Crowdfunding,series a,1461775.0,Wishberry is a rewards-based crowdfunding platform that enables users to raise funds for their creative and innovative ideas.,2018,Mumbai
mcxtra,Finance,seed,19003.0,McXtra is a digital insurance broking startup.,2018,Andheri
magic crate,Children,seed,,"Magic Crate is a theme based stimulating, fun and learning activity box for 4-8 year olds that is mailed to your doorstep every month.",2018,Bengaluru
smartvizx,Software,seed,21196.0,It is a Virtual Reality Solutions StartUp,2018,Noida
myseodoc,,seed,,"SEO, PPC, Search Engine Marketing, Social Media Optimization, Content Marketing, Brand Reputation Management",2018,Delhi
enlyft digital solutions private limited,,seed,2924.0,Digital Marketing Agency,2018,Pune
scale labs,,seed,14618.0,Scale Labs is a cross border e-commerce solutions provider that drives global trade for brands.,2018,Delhi
hungerbox,B2B,series a,65780.0,HungerBox is a full stack B2B F&B technology company delivering food solutions for the corporates in India.,2018,Bengaluru
biryani by kilo,Catering,seed,14618.0,BBK delivers both authentic taste of Hyderabadi and Lucknowi Biryani prepared in individual earthen Handis with the freshest ingredients.,2018,Noida
wholesome habits eat anytime,Food and Beverage,seed,7309.0,Wholesome Habits (EAT Anytime) is a healthy snacks Company.,2018,Mumbai
gobumpr,Automotive,seed,8771.0,Car Service and Bike Service Mobile App,2018,Mylapore
fixpocket,Computer,seed,3654.0,Fixpocket is a internet-based startup.,2018,Ahmedabad
edureka,Android,series a,29235.0,"Edureka is the fastest growing online learning platform that offers live, instructor-led courses for professionals from various industries.",2018,Bengaluru
hashtag loyalty private limited,Analytics,seed,,Hashtag Loyalty is a customer engagement and marketing automation tool for local businesses.,2018,Mumbai
wow express,Delivery,series a,65780.0,"WOW, as customers react to his studiously taught, trained, polite and courteous nature.",2018,Mumbai
zunroof,Environmental Consulting,angel,242655.0,ZunRoof is a rooftop focused solar startup.,2018,Gurugram
eggoz,Food and Beverage,angel,175413.0,Eggoz is a full-stack layer poultry business operator & service provider .,2018,Indore
sqrrl fintech,Big Data,seed,14618.0,Personal Finance,2018,Gurugram
galaxycard,Finance,seed,,GalaxyCard is a mobile based Instant credit card.,2018,Noida
indiqube,Commercial Real Estate,series a,219266.0,IndiQube is a provider of co-working spaces based in Bengaluru.,2018,Bengaluru
egk foods,Food and Beverage,seed,292355.0,A food processing enterprise registered with StartUp India .,2018,Mumbai
nirogstreet,Apps,seed,4385.0,NirogStreet is an Ayurvedic doctor discovery and appointment booking platform where patients can easily find doctors and fix consultation.,2018,Gurugram
pixr8,Digital Media,seed,731.0,Pixr8 is a global media platform dedicated to Start-ups and business organisations for promoting entrepreneurship work.,2018,Ghaziabad
niveshcom,Finance,seed,438532.0,Nivesh.com is a mass market mutual funds investment platform.,2018,Noida
theranosis life sciences,Biotechnology,seed,,A fully functioning cell culture facility and molecular biology setup.,2018,Hyderabad
poshmiles online solutions private limited,Travel,seed,,Poshmiles aims to help point travellers to long weekend trips at popular and undiscovered destinations based on budget & interest.,2018,Bengaluru
reculta,Education,seed,,A campus recruitment solution provider.,2018,Noida
orboai,Internet,seed,,Orbo is a computer vision and deep facial technology company.,2018,Mumbai
inntot technologies,Consumer Electronics,seed,,"Inntot Technologies, is a technology driven company.",2018,Kochi
zoctr health,Apps,seed,,Zoctr Health Network is a first-of-its kind pan-India Home & Telehealth Company,2018,Powai
hey deedee,Delivery Service,seed,482386.0,Hey Deedee is a Mumbai-based company that provides solutions to parcel delivery problems.,2018,Mumbai
digiconnectt technologys,Information Services,seed,1827.0,A technology company focused on introducing products that will accelerate and enhance sales productivity and effectiveness .,2018,Bengaluru
locussh,Big Data,series a,58471.0,Locus is an intelligent logistics automation platform.,2018,Bengaluru
sports flashes pvt ltd,Basketball,seed,14618.0,"Sports Flashes operates a sports content app that provides sports news, live scores, fantasy gaming, expert views, trivia, and more.",2018,New Delhi
inc42,Media and Entertainment,seed,,Inc42 is one of the leading tech media publications of India.,2018,New Delhi
picxy,Internet,seed,1900.0,"A stock photo startup based in Amravati, Andhra Pradesh.",2018,Guntur
benepik,Human Resources,seed,,HR Technology start-up.,2018,Gurugram
cash suvidha,Finance,seed,14618.0,Cash Suvidha is an Digital Lending Platform that provide working capital finance to SMEs and MSMEs in India.,2018,New Delhi
smartcoin,Big Data,seed,29235.0,Providing financial access to the millions of mobile users in India using alternative credit assessment,2018,Bengaluru
carmel organics,Agriculture,series a,,"Carmel Organics is an India-based herb company engaged in sourcing, processing, and distributing herbal tea ingredients.",2018,Indore
roadcast,,angel,3654.0,Transforming the way businesses deliver. Work-force & fleet mobility tools.,2018,New Delhi
printline mediatheprint,Digital Media,seed,510159.0,A digital news platform.,2018,New Delhi
creditas solutions,Financial Services,seed,,Creditas was set-up in 2015 with an aim to help Financial Institutions find better ways to reach and interact with their customers.,2018,Gurugram
urbanpiper,Software,seed,,UrbanPiper offers restaurants and chains with a suite of products to manage and analyze their online presence.,2018,Bengaluru
doxper,Healthcare,seed,1052478.0,Doxper is Health tech startup which has created a digital pen and coded paper system for doctors to record patient information,2018,Mumbai
i2ifunding,Crowdfunding,angel,730887.0,i2ifunding is an online marketplace that connects borrowers looking for personal loans with investors looking for alternative investments.,2018,Noida
shakedeal,B2B,seed,,Home of B2B Commerce,2018,Bengaluru
helloverify,Fraud Detection,seed,,HelloVerify is an online background check platform.,2018,Noida
fasal,Agriculture,seed,1754.0,Climate Smart Precision Agriculture Platform,2018,Bengaluru
coingeto,Cryptocurrency,seed,1754130.0,CoinGeto is one of India’s most advanced digital assets exchange.,2018,Delhi
avail finance,Finance,series a,251425.0,Avail is a mobile-first platform aiming to financially include the urban mass of India.,2018,Bengaluru
tripeur,Information Technology,seed,8771.0,Radical Travel Automation - Cloud Based Corporate Travel & Expense Management Software,2018,Bengaluru
wedeterna,Wedding,angel,,"Wedeterna is a new-age, personalised and fresh approach to arranged marriages, DIY matrimonial community with only self created profiles.",2018,Bengaluru
stumagz,Digital Media,seed,,Stumagz is about connecting with Stories Stumagz is about collaborating with people Stumagz is about creating a Cult.,2018,Hyderabad
doubtnut,E-Learning,seed,511621.0,Gurgaon based E-learning platform.,2018,Gurugram
mcaffeine,Consumer Goods,seed,467768.0,MCaffeine is India's First Caffeine Infuse Personal Care Brand. It's an extension to the hyperactive lifestyle and individualistic identity.,2018,Mumbai
trustcheckr,Information Technology,angel,1462.0,A Bengaluru-based fraud analytics solution provider .,2018,Bengaluru
healthassure,Fitness,seed,14618.0,HealthAssure provides access to Discounted & High Quality primary care medical network.,2018,Mumbai
picture time,Digital Entertainment,seed,3654436.0,Operator of low-cost mobile cinema theatres in rural areas.,2018,New Delhi
1crowd,Crowdsourcing,angel,51162.0,Equity crowd funding platform focused on connecting investors with a host of extremely promising Indian start-ups and early stage ventures,2018,Mumbai
aarav unmanned systems,Delivery,seed,,Professional Drones for Enterprise Applications,2018,Bengaluru
wellthy therapeutics pvt ltd,Healthcare,seed,1973396.0,"Wellthy is a digital therapeutics company focused on improving patient health through the intersection of technology, and clinical outcomes.",2018,Mumbai
nua,Consumer Goods,seed,,Nua is an e-commerce and feminine care brand platform focused on creating women care products.,2018,Mumbai
kuverain,Financial Services,angel,3654.0,An online platform for mutual fund investments.,2018,Bengaluru
livehealth,Healthcare,seed,16080.0,Livehealth is an end-to-end collaborative report management solution. We help you get your medical reports instantly from various health,2018,Pune
gramophone,Farming,seed,14618.0,An agricultural inputs startup Company.,2018,Indore
ora,Business Travel,seed,,Ora is an online marketplace of unique accommodations. Awarded as among top 3000 startups in India by IIM Kolkata.,2018,Kolkata
buddy4studycom,Career Planning,series a,43853.0,Buddy4Study is the best scholarship search engine for Indian students. It also helps organizations to set up their own scholarship schemes.,2018,Noida
predible health,Medical Device,seed,,Healthcare devices for cancer detection,2018,Bengaluru
syncremedies healthcare pvt ltd,Alternative Medicine,seed,,"Syncremedies is an Integrated Medicine service that brings together Allopathy, Ayurveda and Homeopathy to treat chronic ailments.",2018,Bengaluru
blueleaf cyberspace systems,Internet,seed,,Bluleaf Cyberspace is Cloud Based Software Company.,2018,Bengaluru
toffee,,seed,21927.0,"Toffee is a bite size, micro-event & contextual insurtech startup which aims to de-jargonise the insurance buying experience.",2018,Gurugram
oro wealth,,series a,23388.0,Online wealth management platform,2018,Mumbai
healwell24,Dental,seed,2924.0,"HealWell24 is India's emerging technology-empowered healthcare company, aiming to bring world-class quality healthcare services anywhere.",2018,Mumbai
acko general insurance,Financial Services,series a,175413.0,Acko General Insurance is a digital insurance company in India that redefines insurance for the consumers.,2018,Mumbai
arzooocom,Consumer Electronics,seed,219266.0,E-commerce website promising the best price on any product a consumer buys anywhere on the internet.,2018,Bengaluru
bonphul air products,CleanTech,angel,292355.0,A clean tech product Company,2018,Delhi
dheeyantra research labs,Artificial Intelligence,seed,,"DheeYantra is building a cognitive conversational chatbot platform by name ""dhee.ai"" for vernacular languages",2018,Bengaluru
edyoo,Education,seed,14618.0,"Edyoo.com is a technology platform that offers the most intuitive design, flexibility, and ease of use.",2018,Bengaluru
chtrbox,Advertising,angel,146177.0,Chtrbox connects social media influencers with brands .,2018,Mumbai
aashiyaan housing and development finance,Financial Services,seed,1973396.0,Provide housing finance to those in the informal sector enabling the hither to un-served to own a home of their own.,2018,Kolkata
betterplace safety solutions pvt ltd,Human Resources,series a,43853.0,"BetterPlace provides businesses with contractor workforce management, including onboarding, training, and background checks.",2018,Bengaluru
cashkumar,Consumer Lending,seed,730887.0,A P2P Lending Platform connecting millions of financially under-served & new to credit borrowers with investment savvy lenders in India,2018,Bengaluru
rocketium,Marketing,seed,292355.0,Easy video creation for social media.,2018,Bengaluru
freightbazaar,Transportation,seed,,FreightBazaar.com is an online platform that connects Truck suppliers with Truck users.,2018,Hyderabad
open,Banking,seed,,Open up to a new world of Banking,2018,Bengaluru
mfine,Healthcare,series a,61395.0,Hospital & Health Care Start up,2018,Bengaluru
earth food,Food and Beverage,seed,935536.0,Earth Food is a healthy Food Start Up.,2018,Pune
charcoal eats,Food Processing,seed,730887.0,Charcoal Eats aims to bring Dominos style standardisation.,2018,Mumbai
wishfie,Apps,seed,,A platform for people to express their opinions in form of short videos around any topic.,2018,Bengaluru
the social hook,Marketing,seed,,Fast growing Influencer Marketing platform in India.,2018,Bengaluru
freightbro,Apps,seed,,Software for the new-age freight,2018,Mumbai
finwego,,seed,,Finwego partners with Small and Medium Businesses in India to offer convenient and responsible credit to their employees,2018,Chennai
cricnwin,Digital Entertainment,seed,,Cricnwin is a Gurugram - based Fan Engagement Platform,2018,Gurugram
wicked ride adventure services private limited,Automotive,venture series unknown,146177.0,Peer-to-Peer motor vehicles sharing,2018,Bengaluru
career anna,Commercial,seed,584710.0,India's Go to Career Commerce Portal,2018,Bengaluru
eruditus executive education,Continuing Education,series c,584710.0,"Eruditus, promoted by Alumni of INSEAD and other top business schools, delivers high quality executive education programmes",2018,Mumbai
gaia smart cities,Smart Cities,seed,,Gaia Smart Cities is an early leader in the rapidly-emerging Internet of Things (IoT) marketplace.,2018,Mumbai
square off,Internet of Things,seed,16080.0,Delivering Imagination,2018,Mumbai
urbanclap,Apps,series d,730887.0,UrbanClap is India's leading managed marketplace for home services.,2018,Delhi
hospals,Medical,seed,21927.0,Hospals is a medical tourism company.,2018,New Delhi
kogta financial india limited,Financial Services,series b,22511329.0,Kogta Financial (India) Ltd is a retail-focused non banking financial company .,2018,Jaipur
perspectico,Career Planning,seed,,An Education Management startup.,2018,New Delhi
the souled store,Fashion,venture series unknown,43853.0,"The Souled Store bring to you awesome t-shirts, framed prints, badges, notebooks, coasters.",2018,Mumbai
hush speak up make work better,Communities,seed,657799.0,Enabling diversity of opinions in organizations,2018,Bengaluru
drivezy,Automotive,debt financing,1461775.0,Drivezy is India's largest vehicle sharing platform which helps people turn their vehicles into earning members of their family.,2018,Bengaluru
freyr energy,Energy,series a,21927.0,"Freyr Energy is a company that provides full service solar provider based in Hyderabad, India.",2018,Hyderabad
niramai health analytix,Healthcare,seed,87706.0,NIRAMAI has developed a novel breast cancer screening solution that uses Thermalytix.,2018,Bengaluru
cloudsek,Information Technology,seed,2046484.0,Cloudsek is an Infosec Risk assessment company which provides intelligence needed to tackle online threats.,2018,Bengaluru
lendbox,Crowdfunding,seed,877065.0,Lendbox is India's leading peer-to-peer lending online lending platform.,2018,Delhi
verloop,Customer Service,series a,43853.0,Verloop is an automated customer support and engagement platform.,2018,Bengaluru
flickstree,Advertising,seed,,"Flickstree is a smart video content aggregator, powered by Artificial Intelligence.",2018,Mumbai
paymatrix,Credit Cards,seed,1462.0,India's Leading Property Rent management platform,2018,Hyderabad
idha skin clinic,Beauty,seed,73089.0,Idha skin clinic jayanagar is dedicated to restore health and natural beauty to your skin.,2018,Bengaluru
incred,Banking,private equity,612484.0,InCred Finance is a mumbai-based non-banking financial company,2018,Mumbai
vedantu,Edtech,series b,160795.0,Vedantu provides personalized LIVE Online Tutoring. Vedantu aims to democratize teaching by creating a marketplace of Teachers,2018,Bengaluru
sportido,Social Media,seed,,Sportido is a sports discovery app that helps you find people and places to play 700+ sports around you.,2018,Noida
stelis biopharma,Biopharma,series b,1461775.0,Stelis Biopharma is a vertically integrated biopharmaceutical company,2018,Bengaluru
magicpin,E-Commerce,series c,20611022.0,"Magicpin is a platform where users and merchants in a locality discover, interact, and transact.",2018,Gurugram
try buy,E-Commerce,seed,,Try & Buy,2018,New Delhi
mech mocha,Digital Entertainment,series b,51601.0,Mech Mocha is a mobile gaming startup based in Bangalore working towards ‘Making India Play’ .,2018,Bengaluru
aye finance,Finance,debt financing,1052478.0,Aye Finance provides financial services to micro and small businesses in Northern India.,2018,Gurugram
aldopay,Mobile Payments,seed,2924.0,Mobile Wallet Focusing on hassle free checkout via Finger Print & OTP.,2018,Chennai
detect technologies,Artificial Intelligence,series a,48239.0,Completely automated remote control system.,2018,Chennai
signzy,Computer,series a,3508259.0,Signzy are creating 'building blocks for a Digital Trust system.,2018,Bengaluru
cashrich,Apps,seed,14618.0,A Mumbai-based fin-tech startup,2018,Mumbai
cloudnine hospitals,Child Care,private equity,,Cloudnine is an Indian chain of women and child care hospitals.,2018,Bengaluru
cropin technologies,Agriculture,series b,8478293.0,"To discover, develop and deliver innovative solution in Agtech Space",2018,Bengaluru
billdesk,Finance,venture series unknown,,"BillDesk, a property of IndiaIdeas.com Ltd. was conceived in early 2000 to solve the frustrations of most of us when it comes to paying",2018,Ahmedabad
yaantra,Information Services,debt financing,29235.0,"Yaantra, India’s leading mobile phone repair, refurbished & Unboxed centre In India",2018,Delhi
techbooze,Education,seed,1462.0,"Techbooze[1] ""AN OPEN FORUM"" is an educational enterprise, headquartered in India working across the country.",2018,New Delhi
healthifyme,Apps,series b,87706.0,HealthifyMe is an application that allows its users to achieve their fitness and weight loss goals from their computers and smartphones.,2018,Bengaluru
hoi foods,Food and Beverage,seed,526239.0,India's first hotel dedicated food brand which promises great in room dining experience in budget hotels,2018,Gurugram
perpule,Apps,series a,4970034.0,Perpule is a self-checkout product for retail outlets to enhance the shopping experience of the customers.,2018,Bengaluru
royal sundaram general insurance co limited,Health Insurance,corporate round,3069727.0,"Royal Sundaram provides comprehensive insurance plans and innovative insurance solutions to individuals, families and businesses.",2018,Kalpakkam
cleansecar,Automotive,angel,511621.0,CleanseCar is a company provides Washing and Repair Services.,2018,Bengaluru
driveu,Rental,venture series unknown,1023242.0,DriveU is a convenient and a quick way of getting on demand drivers for consumers and businesses,2018,Bengaluru
spinny,E-Commerce,series a,160795.0,Used cars marketplace in India. Ushering new era of transparency and convenience.,2018,Gurugram
asset reconstruction company india ltd,Financial Services,secondary market,,Asset Reconstruction Company (India) Ltd. operates as a asset reconstruction company.,2018,Mumbai
med365 healthcare,Health Diagnostics,seed,730887.0,"Wellness, Specialised Testing, Healthcare at Home",2018,Jaipur
dunzo,Customer Service,debt financing,1023242.0,Dunzo is an app that connects you with the nearest available delivery partner to pickup or deliver items for you.,2018,Bengaluru
mobile premier league mpl,Gaming,series a,73089.0,Mobile Premier League(MPL) is a skill based E-Sports platform where you can play your favourite mobile games and win real cash always.,2018,Bengaluru
walmart india,Retail,venture series unknown,550797.0,"Wal-Mart India Private Limited is a wholly owned subsidiary of Walmart Stores Inc.,",2018,Gurugram
cred,,seed,,Cred is a platform to celebrate and reward the most creditworthy people of India.,2018,Bengaluru
meesho,E-Commerce,series c,730887.0,"Meesho is an online reseller network of housewives and SMBs, who sell products within their network on social channels.",2018,Bengaluru
bhaskarguru,Search Engine,seed,14618.0,Bhaskarguru.com is your local search Engine,2018,Bhopal
gugu,Battery,seed,3654.0,Gugu designs & Sells all Electric Connected Two-wheeler's with Network of Open & Free Fast charging Stations across India.,2018,Coimbatore
farmtaaza,Agriculture,series a,,Farm Taaza provides expert advice to the farmers on improving the yield and improving the field operations of the farmer.,2018,Bengaluru
vizzbee,Artificial Intelligence,pre seed,292.0,Autonomous Drone Solutions for last mile delivery as well as search and rescue,2018,Bhopal
bigphi technologies pvt ltd,Fashion,angel,13156.0,BIGPHI technologies is the India's first technologically advanced apparel and wearable company.,2018,Bengaluru
mobycy,Fitness,angel,,India's 1st Dockless Bicycle Sharing App,2018,Gurugram
traveo soft pvt ltd,Mobile,undisclosed,17541.0,AI based Business Travel & Expense management,2018,Bengaluru
em personal care,Cosmetics,seed,,Em Personal Care is a Cosmetic products manufacturing Company.,2018,Worli
lucideus,Consulting,venture series unknown,73089.0,"Lucideus is a cybersecurity company that offers its customers with consultancy, training, and solutions to counteract cyber-attacks.",2018,New Delhi
eupheus learning,E-Learning,seed,,Eupheus Learning offers a seamless integrated learning solution for the K-12 market in India.,2018,Delhi
gamingmonk,eSports,series a,584710.0,"GamingMonk is an eSports gaming company based out of New Delhi, India.",2018,New Delhi
sukkhi jewellery,Fashion,venture series unknown,7455050.0,Sukkhi Jewellery is a Contemporary fashion jewellery brand.,2018,Mumbai
indwealth,Financial Services,seed,32159041.0,INDwealth is an Artificial Intelligence (AI) powered wealth management company,2018,Gurugram
medikabazaar,B2B,series a,73089.0,India's largest medical and surgical supplies marketplace,2018,Mumbai
nira,Credit,seed,14618.0,"NIRA promotes financial inclusion by creating simple, transparent products that empower individuals to live a life of choice and freedom.",2018,Bengaluru
duroflex pvt ltd,Consumer Goods,private equity,321590.0,Duroflex Pvt. Ltd. operates as a dominant mattress player.,2018,Alleppey
clensta,Biotechnology,seed,,A biotechnology start-up was incorporated to improve the National Hygiene condition whilst addressing the aspect of water conservation.,2018,New Delhi
jetbrain robotics,Healthcare,seed,1023.0,"Jetbrain Robotics is Hong Kong / Gurgaon based company, building advanced robotic transportation solutions for multi speciality hospitals.",2018,Gurugram
healthkart,E-Commerce,venture series unknown,146177.0,"The one stop shop for health, fitness & beauty.",2018,Gurugram
indiabulls ventures,Financial Services,post ipo equity,224996346.0,Indiabulls Ventures Limited is one of India’s leading capital market companies providing securities and derivative broking services.,2018,Mumbai
cleartax,Accounting,series b,58470984.0,ClearTax India helps individuals prepare and e-file their Income Tax Return online.,2018,New Delhi
shuttl,Apps,debt financing,14618.0,"Shuttl provides an app-based office shuttle service to make daily commute safe, reliable, affordable and dignified for everyone.",2018,Gurugram
guruq,Reading Apps,seed,365444.0,A one of its kind digital integrated platform connecting tutors and students.,2018,New Delhi
azure power,Energy,post ipo equity,2704283.0,"Azure Power produces and distributes solar power to commercial, government, and utility customers in India.",2018,New Delhi
cube,Banking,series a,2046484.0,Cube is consumer banking focused fintech company.,2018,Mumbai
rahi care,Healthcare,venture series unknown,,RAHI Care is a Health Care company.,2018,Chandigarh
mynvax,Biotechnology,angel,,Mynvax is a biotech Company.,2018,Bengaluru
loans4sme,Financial Services,seed,,Loans4SME is an alternative lending platform.,2018,Mumbai
upcyclerslab,Apps,seed,,UpCyclersLab is a startup that makes sustainability-based learning tools for children above the age of five.,2018,Mumbai
cellerite systems,Electric Vehicle,seed,,Cellerite Systems is a charging solutions provider for electric vehicles.,2018,Hyderabad
taru naturals,Agriculture,seed,,Taru Naturals is a network that connects farmer communities with clean technology and renewable energy.,2018,Mumbai
letsmd,Fitness,seed,14618.0,LetsMD.com is a marketplace for elective surgeries,2018,New Delhi
truebil,Automotive,series a,29235.0,"Truebil is a team of young, highly motivated professionals who strive to help you buy and sell used cars in the simplest way possible.",2018,Mumbai
farmersfz,Agriculture,seed,,FarmersFZ is an online venture for fresh and safe vegetables and agri products.,2018,Kochi
worxogo,Information Technology,series a,2411928.0,worxogo’s is a pioneering persuasive technology products align employee behaviours .,2018,Bengaluru
vivish technologies mygate,Apps,series a,9501535.0,India's leading mobile based security management solution .,2018,Bengaluru
singularity dynamics,Artificial Intelligence,seed,,Singularity Dynamics is a Chip-design testing startup.,2018,Bengaluru
virtual metalstreetmetalstreet,B2B,angel,10232.0,Virtual MetalStreet(Metalstreet) is a B2B marketplace for steel trading in India,2018,Bengaluru
veritas finance,Financial Services,venture series unknown,438532.0,Veritas Finance has been promoted with a primary purpose of meeting the working capital and business credit requirements of the small bus.,2018,Guindy
manjushree technopack,Packaging Services,private equity,,Manjushree Technopack is a Rigid plastics packaging convertor in India and South Asia.,2018,Bengaluru
gozefo,Computer,venture series unknown,3069727.0,Startup working on a white space in the eCommerce industry.,2018,Bengaluru
zomato,Food Delivery,secondary market,3069727.0,Zomato is a search app offering detailed information for restaurants as well as online food delivery.,2018,Gurugram
innov8 coworking,Collaboration,seed,58471.0,Innov8 is a Y- Combinator backed company that offers coworking and shared office spaces.,2018,New Delhi
revfin,Accounting,seed,,RevFin is a digital lending company.,2018,Delhi
lavelle networks,Cloud Computing,venture series unknown,292355.0,Lavelle Networks provides Software Defined WAN (SD-WAN) Solutions to build end to end Enterprise Networking Platforms for tomorrow,2018,Bengaluru
blackbuck,Information Services,series d,29668177.0,Blackbuck is a logistics startup based in India.,2018,Bengaluru
cardekho,Automotive,series c,1096331.0,Cardekho is a car search venture that helps users buy cars that are right for them.,2018,Gurugram
elasticrun,Delivery,series b,8770648.0,ElasticRun develops an online system that improves the reception of orders from customers and the dispatch of delivery drivers in India.,2018,Pune
droom technology private limited,Automotive,series e,438532.0,Droom is a marketplace for automobiles and automobile services.,2018,Gurugram
vogo rentals,Last Mile Transportation,debt financing,1169420.0,Vogo is a dockless scooter rental company in India which lets customers rent scooters for short one way trips.,2018,Kormangala
innerchef,Cooking,venture series unknown,25727.0,InnerChef is an online food discovery and delivery experience that will make the foodie in you come alive.,2018,Gurugram
livquik,Fintech,corporate round,39468.0,LivQuik was incorporated with the vision to simplify payments for merchants and consumers in an increasingly digital world,2018,Mumbai
disprz,E-Learning,debt financing,5847.0,"Disprz is a one-of-its-kind “knowledge-tech” start-up that strives to make people knowledgeable, productive and smarter at what they do.",2018,Chennai
9stacks,Online Games,series a,4092969.0,Online gaming startup.,2018,Delhi
origo,,venture series unknown,11694197.0,"Origo Commodities, a complete post-harvest management services for agricultural commodities, is the fastest growing company in its sector.",2018,Gurugram
yourownroom,Online Portals,seed,10963.0,"Good quality, strategically located homes closer to work for millennials",2018,Bengaluru
vahdam teas,E-Commerce,series b,36544.0,Vahdam Teas is a vertically integrated online-first tea brand that sources premium garden fresh teas direct from over 150+ tea plantations.,2018,New Delhi
spoofin,Music,venture series unknown,,A social networking app that lets you create and view Spoofs of your favourite videos.,2018,New Delhi
strom motors,Automotive,angel,,Strom Motors is a smart urban mobility Company.,2018,Mumbai
pharmeasy,Healthcare,series c,1169420.0,PharmEasy - Indias largest healthcare delivery platform,2018,Mumbai
licious,Delivery Service,series c,365444.0,"Licious is an online meat and fish ordering startup that solves existing problem of finding safe, delectable, trustworthy fresh meat.",2018,Bengaluru
stanza living,Hospitality,venture series unknown,10670955.0,Stanza Living is a co-living platform created for students moving to a new place.,2018,New Delhi
docturnal,Biotechnology,seed,,"Docturnal, an online platform, enables individuals to find information and diagnostic services related to diabetes, cancer, and more.",2018,Hyderabad
bounce metro bikes,Autonomous Vehicles,debt financing,43853.0,"Bounce (formerly Metro Bikes) is an urban mobility solution that makes daily commute stress-free, time-saving, reliable, and convenient.",2018,Bengaluru
technology 9 labs t9l,Information Technology,corporate round,,Technology 9 Labs is an Information Technology and Services company.,2018,New Delhi
goals101,Financial Services,seed,51162.0,Goals101 is a one of the fastest growing big-data platforms.,2018,Delhi
satya microcapital,Finance,venture series unknown,5847098.0,New Delhi-based non-banking financial company.,2018,New Delhi
stockedge,Analytics,seed,16080.0,"StockEdge is a unique platform, which is 100% focused on research and analytics",2018,Kolkata
sequretek,,venture series unknown,54086.0,Sequretek is a cyber security start-up.,2018,Mumbai
avenues payments india pvt ltd,,corporate round,19003.0,Avenues Payments is an IT solutions provider for the remittance\money transfer and forex industries.,2018,Mumbai
qbera,Finance,venture series unknown,2046484.0,Qbera is a managed marketplace for unsecured personal loans.,2018,Bengaluru
urban ladder,E-Commerce,debt financing,81859.0,Urban Ladder is a Bangalore-based online furniture company.,2018,Bengaluru
planet11 ecommerce solutions india avenue11,,corporate round,3800614.0,"Planet11 is backed by SK Planet, which is a part of the SK Group – one of the largest conglomerates in South Korea.",2018,Bengaluru
dailyninja,Apps,series a,,"Daily Ninja, a mobile app that delivers daily needs on a subscription model",2018,Bengaluru
iba halal care,,series a,2192662.0,Iba Halal Care is a cosmetics brand company.,2018,Ahmedabad
knocksense,News,seed,,Knocksense is a fast growing lifestyle website.,2018,Lucknow
togedr,,venture series unknown,,Togedr is an activity discovery & booking platform.,2018,Gurugram
sharechat,Internet,series c,1450519.0,ShareChat is a social networking and regional content platform for the fast growing Internet users in India.,2018,Bengaluru
cyclops medtech,Healthcare,seed,14618.0,Medtech startup working on clinical and wearable diagnostic and rehab products for neuro vestibular disorders using eye tracking technology.,2018,Bengaluru
livspace,E-Commerce,series c,1023242.0,"Livspace is the new online shopping destination where you can design, decorate and furnish your dream home.",2018,Bengaluru
newsbytes,Apps,seed,14618.0,NewsBytes provides your everyday news in a contextual timeline to reduce information overload.,2018,Gurugram
leena ai,Artificial Intelligence,seed,29235.0,Leena is smart AI powered HR companion dedicated towards engaging employees.,2018,Gurugram
max healthcare,Healthcare,corporate round,,Max Healthcare is one of the leading chain of hospitals in India.,2018,New Delhi
gobolt,Logistics,venture series unknown,5847098.0,Delhi-based logistics technology.,2018,New Delhi
gogaga,Dating,non equity assistance,585.0,GoGaga is a new age dating app that has removed the mindless swiping on strangers and connects users through their network and find matches.,2018,Bengaluru
mate labs,Artificial Intelligence,seed,8040.0,Mate Labs is a machine learning solutions platform for beginners.,2018,Bengaluru
furlenco,Consumer,series c,,Furlenco is a Bangalore-based company that offers a home furniture subscription program.,2018,Bengaluru
ola,Apps,venture series unknown,730887.0,Ola is a mobile app that brings together cab drivers and customers using technology to make transportation hassle-free in India.,2018,Kormangala
clp india pvt ltd,Energy,private equity,5335477.0,CLP India Pvt. Ltd. is a foreign investor in the Indian power sector.,2018,Mumbai
xplorabox,E-Commerce,seed,,Xplorabox is as an educational activity box subscription startup aiming to revolutionize the early education industry.,2018,Noida
myra,Apps,venture series unknown,127905.0,Myra is a unique solution of technology and operations that makes buying medicines fast and efficient.,2018,Bengaluru
vokal,Internet,series a,21927.0,India's Largest Peer-to-Peer Knowledge Sharing Platform in Indian Languages.,2018,Bengaluru
kissht,Credit,series c,438532.0,"Kissht is a financial technology platform that enables instant, seamless credit for consumers to make purchases at digital points of sales",2018,Mumbai
upwards fintech,Banking,series a,73089.0,Upwards Fintech financial company.,2018,Mumbai
bonbonfleet solutions,Financial Services,seed,1140184.0,"Bon, a Pune-based FinTech firm was created to bring financial services to the gig-economy workforce.",2018,Pune
mamaearth,E-Commerce,series a,58471.0,Mamaearth is an online retailer specializing in baby and toddler products.,2018,Gurugram
babychakra,Child Care,series b,,BabyChakra is India's largest & most loved platform to discover the right maternity and childcare.,2018,Mumbai
belstar investment and finance private limited,Financial Services,venture series unknown,409297.0,Belstar Investment and Finance Private Limited is a provider of scalable microfinance services to entrepreneurs.,2018,Chennai
naaptol,E-Commerce,venture series unknown,219266.0,"Koku Gamer is an online platform that offers gaming related news, editorials, reviews, previews, and other content.",2018,Mumbai
moonshine meadery,Food and Beverage,seed,,Moonshine Meadery is a first craft meadery.,2018,Pune
verzeo,E-Learning,series a,73089.0,Verzeo is anAI-focussed edtech startup.,2018,Bengaluru
haazri,Food and Beverage,seed,182722.0,Haazri is a tea and snack quick service restaurant startup,2018,Mumbai
connect india,Delivery Service,angel,,"To create pervasive network where connections are simpler, more powerful, more affordable, more global and more available to all.",2018,New Delhi
flyrobe,Fashion,series b,3859085.0,Flyrobe is an on-demand apparel rental platform that provides premium designer wear.,2018,Mumbai
scholify,,pre seed,,Edutech,2018,Bengaluru
dream11,Fantasy Sports,series d,1461775.0,"Dream11 is India’s Biggest Sports Game with 30 million+ users playing Fantasy Cricket, Football, Kabaddi and NBA.",2018,Mumbai
srjna,Education,seed,,"SRJNA is a brand of Elation Edtech Pvt. Ltd., which helps schools to integrate hands on, affordable and turnkey STEM.",2018,Jaipur
nykaa,Beauty,secondary market,16518053.0,Nykaa.com is a premier online beauty and wellness destination,2018,Mumbai
chaayos,Food and Beverage,series b,11840374.0,Chaayos was born in November 2012 out of this premise - a contemporary interpretation of the chai adda.,2018,New Delhi
heelium,Fitness,seed,,Heelium is an athletic footwear and wearable startup with primary focus on sports safety and sustainability.,2018,Pune
lt foods,Food and Beverage,post ipo equity,20464844.0,LT Foods believe that nature will continue to nurture us until we as a species continue to breathe and live.,2018,New Delhi
multibashi,E-Learning,seed,146177.0,Free language learning platform.,2018,Bengaluru
cleardekho,Eyewear,venture series unknown,,Uttar Pradesh based online eyewear marketplace.,2018,Ghaziabad
dailyhunt,Information Technology,series e,87706.0,NewsHunt is a Bangalore based eBooks company.,2018,Bengaluru
slicepay,Fintech,series a,217804.0,SlicePay is an AI based instant credit app for youngsters in India.,2018,Bengaluru
udaan,B2B,series c,3288993.0,"Udaan is a B2B trade platform, designed specifically for small and medium businesses in India.",2018,Bengaluru
mombay,Food and Beverage,seed,110.0,Mombay is a unique opportunity for housewives to start household food business and avail everyone with their homemade healthy dishes.,2018,Mumbai
droni tech,Information Technology,seed,511621.0,Droni Tech manufacture UAVs and develop software to service a range of industry requirements.,2018,Mumbai
netmeds,Biotechnology,series c,511621.0,Welcome to India's most convenient pharmacy!,2018,Chennai
bombay shaving,Ecommerce,,6300000.0,Provides a range of male grooming products,2019,
ruangguru,Edtech,series c,150000000.0,"A learning platform that provides topic-based journey, animated videos, quizzes, infographic and mock tests to students",2019,Mumbai
eduisfun,Edtech,undisclosed,28000000.0,It aims to make learning fun via games.,2019,Mumbai
homelane,Interior design,series d,30000000.0,Provides interior designing solutions,2019,Chennai
nu genes,AgriTech,,6000000.0,"It is a seed company engaged in production, processing and marketing of seeds",2019,Telangana
flytbase,Technology,,,A drone automation platform,2019,Pune
finly,SaaS,,,"It builds software products that makes work simpler, pleasant, and productive",2019,Bengaluru
kratikal,Technology,pre series a,1000000.0,It is a product-based cybersecurity solutions provider,2019,Noida
quantiphi,AI & Tech,series a,20000000.0,It is an AI and big data services company providing business solutions.,2019,
lenskart,E-commerce,series g,275000000.0,It is a eyewear company,2019,Delhi
cub mcpaws,E-commerce & AR,,,A B2C  brand that focusses on premium and comfortable merchandise for Generation Alpha – kids,2019,Mumbai
appnomic,SaaS,,22000000.0,"It is a self-healing enterprise, the IT operations software detects, predicts and prevents problems before they happen",2019,Bengaluru
kaleidofin,Fintech,series a,5000000.0,Platform that provides complete financial solutions for excluded individuals and households,2019,Chennai
jobsquare,HR tech,,140500.0,Technology-based platform that is connecting suitable applicants to the right recruiters,2019,Ahmedabad
open secret,Food tech,,,It produces and sells top quality snacks,2019,
livfin,Fintech,,5000000.0,"Grants small business loans, supply chain finance and working capital loans to small and medium enterprises",2019,Delhi
byjus,Edtech,,540000000.0,Provides online learning classes,2019,
zest money,Fintech,series b,15000000.0,Uses AI to do risk profiling of e-commerce consumers who opt for EMI,2019,Bengaluru
witblox,Edtech,,182700.0,Offers a range of robotics learning tools,2019,
azah personal care pvt ltd,Health,pre series a,,Aims to solve some problems in the feminine hygiene sector,2019,Gurugram
salaryfits,Fintech,,5000000.0,A platform that promotes financial well-being of employees at workplace,2019,
pristyn care,Healthcare,series b,12000000.0,Delivers advanced medical care & clinical excellence aided by next-level technology,2019,
springboard,Edtech,series a,11000000.0,Offers online courses and extensive mentor-based learning,2019,
dror labs pvt ltd,Safety tech,,,It uses technology to create a trust-based network of responsible citizens to ensure safety,2019,Delhi
medlife,Pharmaceutical,,15500000.0,It solves inadequacies in the healthcare delivery system through technology,2019,Bengaluru
seekify,SaaS,seed,1500000.0,Customer Experience (CX) Automation platform,2019,Delhi
fireflies ai,AI,,5000000.0,Developer of an artificial intelligence-powered assistant for businesses,2019,
hungerbox,Foodtech,series c,12000000.0,"Offers B2B tech platform to corporates, aimed at improving the operations of their cafeterias",2019,Bengaluru
bijak,AgriTech,seed,2500000.0,B2B platform for agricultural commodities.,2019,
licious,Food,series e,30000000.0,Online meat shop,2019,Bengaluru
trume,IoT,,140000.0,A global platform for Identity and Access Management,2019,
pumpkart,E-marketplace,,,B2B model for appliances and electrical products,2019,Chandigarh
asteria aerospace,Robotics & AI,,230000000.0,"Develops drones that are used by the military, paramilitary, police forces and in various industries.",2019,Bengaluru
rivigo,Logistics,series f,20000000.0,"It offers delivery services across India to retail, e-commerce, pharmaceutical, automobile and FMCG companies",2019,
happyeasygo,Travel,series b,49400000.0,Online flight booking,2019,Gurugram
zetwerk,Manufacturing,series b,32000000.0,Provides facilities to get products manufactured.,2019,Bengaluru
observeai,AI,series a,26000000.0,Creates a voice AI platform,2019,Bengaluru
freshokartz,E-marketplace,pre series a,150000.0,Online fruits and vegetables delivery company,2019,Jaipur
lil goodness and scool meal,Food & Nutrition,,400000.0,It empowers moms to provide the best of foods to their Lil' ones,2019,Bengaluru
trell,Social Media,pre series a,2000000.0,Blogging platform that enables people to create visual collections of their travel and local experiences,2019,Bengaluru
vmate,nan,,100000000.0,A short video platform,2019,
bombay shirt company,E-commerce,,8000000.0,Online custom shirt brand,2019,Mumbai
slintel,SaaS,,1500000.0,"It helps sales and marketing teams understand purchase intent of buyers on buying patterns, usage and renewals",2019,
mygamemate,E-Sports,,100000.0,eSports platform where players can access various multiplayer mobile games to participate in online tournaments,2019,Bengaluru
afinoz,Fintech,,,Online financial marketplace for customized rate quotes on loans and investment products in India,2019,Noida
rein games,Technology,pre series a,50000000.0,"It develops, publishes and distributes games across various platforms",2019,Noida
ecozen,AgriTech,series a,6000000.0,It develops technology-enabled products to strengthen the farm-to-fork value chain of perishables.,2019,Pune
box8,Foodtech,,120000000.0,Enables to order food online,2019,Mumbai
awign enterprises,nan,series a,4000000.0,It supplies workforce to the economy,2019,Bengaluru
purplle,Cosmetics,series c,30000000.0,Online makeup and beauty products retailer,2019,Mumbai
freightwalla,B2B,series a,4000000.0,Provides digital platform for businesses to plan and manage their international freight shipments online,2019,Mumbai
tapchief,nan,pre series a,1500000.0,It connects individuals in need of advice in a specific domain to individuals who have expertise in the same,2019,Bengaluru
ejohri,Jewellery,pre series a,1000000.0,Omnichannel marketplace for gems and jewellery,2019,Mumbai
ninjacart,B2B Supply Chain,,,"It connects producers of food directly to retailers, restuarants and service providers.",2019,
binca games,Games,,,It offers games that are available across India and UK.,2019,Mumbai
kredx,nan,series b,26000000.0,Invoice discounting platform,2019,Bengaluru
mpaani,nan,series a,5500000.0,It digitizes and organises local retailers,2019,Mumbai
origo,AgriTech,,6800000.0,It provides post-harvest management services for agricultural commodities,2019,Gurugram
wishadish,Food & tech,,6000000.0,Provides management solution for restaurants,2019,Delhi
ecom express,Logistics,,36000000.0,It is a technology enabled logistics solutions provider to the Indian e-commerce industry,2019,Gurugram
stanza living,Accomodation,,5700000.0,Provides comfortable and secure accomodation for students,2019,Delhi
pibeam,Automotive tech,,50000000.0,It is engaged in building sustainable and affordable micro-mobility electric vehicles,2019,Chennai
euler motors,Automotive tech,,2000000.0,It is offering mobility as a service,2019,Delhi
moms co,E-commerce,series b,5000000.0,It is into mother and baby care-focused consumer goods,2019,New Delhi
cubical labs,IoT,series b,,Home automation solution provider,2019,
lawyered,Legal tech,,100000.0,It helps to connect to legal advise online,2019,Delhi
cuemath,Edtech,,5500000.0,It helps students to learn math online,2019,Bengaluru
licious,Food,series d,25000000.0,Online meat shop,2019,Bengaluru
niveshcom,Mutual Funds,,600000.0,The platform simplifies the process of investment,2019,Noida
zebu,Cybersecurity,seed,4000000.0,"Platform uses encryption technology to allow businesses to safely store files, invoices, and schedules",2019,
smart institute,Edtech,,1500000.0,A platform to learn online,2019,Surat
cardekho,Automobile,series d,70000000.0,Enables people to buy and sell new/old cars.,2019,Jaipur
shadowfax,Logistics,series d,60000000.0,A platform for delivery services,2019,Bengaluru
credr,Automobile,,6000000.0,A marketplace to buy and sell used bikes and scooters,2019,Mumbai
sportido,Sports,series b,,It is a sports discovery app that helps to find people and places to play 700+ sports,2019,Noida
phable,Healthtech,,220000.0,"It creates an engagement loop between doctors, hospitals, and patients via its app",2019,
sarva,Yoga & wellness,,2800000.0,It drives a cultural change in making yoga-based wellness a part of modern lifestyle,2019,Chennai
indyfint,Virtual Banking,series a,2100000.0,"It helps lenders to directly provide short-term loans to merchants, employees, and students",2019,Bengaluru
zolostays,Accomodation,,7000000.0,It offers affordable housing apartments to young professionals and students,2019,
ola,Transportation,,311000000.0,It enables one to book cab online,2019,Bengaluru
zoomcar,Transport & Rentals,,4800000.0,A car rental service platform,2019,Bengaluru
kratikal,Technology,pre series a,1000000.0,Provides cyber security solutions,2019,Uttar pradesh
froogal,Marketing & Customer loyalty,pre series a,1000000.0,A cloud based Customer Loyalty & Engagement Platform,2019,Hyderabad
inframarket,Infratech,series a,20000000.0,"It connects client requirements to their supply chain infrastructure for ease of ordering, tracking and manufacturing",2019,Mumbai
oyo,Hospitality,,693000000.0,Provides rooms for comfortable stay,2019,Gurugram
gomechanic,Automobile & Technology,series b,5000000.0,Find automobile repair and maintenance service providers,2019,Delhi
spinny,Automobile,,50000000.0,Online car retailer,2019,Delhi
aqgromalin,AgriTech,,200000.0,Cultivating Ideas for Profit,2020,Chennai
krayonnz,Edtech,pre seed,100000.0,An academy-guardian-scholar centric ecosystem which provides state of the art technological solutions.,2020,Bengaluru
padcare labs,Hygiene management,pre seed,,Converting bio-hazardous waste to harmless waste,2020,Pune
ncome,Escrow,,400000.0,Escrow-as-a-service platform,2020,New Delhi
gramophone,AgriTech,,340000.0,Gramophone is an AgTech platform enabling access to agri inputs and powering efficient farm management.,2020,Indore
qzense,AgriTech,seed,600000.0,qZense Labs is building the next-generation IoT solution for fresh food quality assessment and management.,2020,Bengaluru
myclassboard,Edtech,pre series a,600000.0,MyClassboard is a full-fledged School / College Management Software.,2020,Hyderabad
metvy,Networking platform,pre series,,AI driven networking platform for individuals and organisations which aims to provided a seamless end to end networking experience.,2020,Gurugram
rupeek,Fintech,series c,45000000.0,"Rupeek is an online lending platform that specializes in credit risk, gold loans, and personal loans.",2020,Bengaluru
gig india,Crowdsourcing,pre series a,1000000.0,GigIndia is a marketplace that provides on-demand work completion for companies through a gig workforce of jobseekers.,2020,Pune
slurrp farm,Food & Bevarages,series a,2000000.0,Slurrp Farm is a children health food brand.,2020,Gurugram
medfin,Healthtech,series a,,Medfin is a Discovery platform for medical procedures and financing.,2020,Bengaluru
masterg,Fashion startup,,,MasterG is a design and skill development organisation.,2020,New Delhi
brila 91,Food & Bevarages,,1200000.0,Bira 91 is a craft beer company.,2020,New Delhi
foodybuddy,Food Industry,,600000.0,FoodyBuddy is a online food delivery portal,2020,Belgaum
zomato,Food Delivery,,660000000.0,Zomato is a food delivery and restaurant discovery site that provides information and reviews about restaurants,2020,Gurugram
oureyeai,Virtual auditing startup,,120000.0,"Video intelligence solution for Enterprise Standard Operating Procedures Monitoring and Quality Control, leveraging CCTV infrastructure.",2020,Bengaluru
shiprocket,E-commerce,series c,7500000.0,Shiprocket helps online retailers simplify their shipping by providing a delightful post purchase experience to their consumers.,2020,New Delhi
pine labs,Fintech,,,A merchant platform company that provides financing and last-mile retail transaction technology to merchants.,2020,Noida
moneyboxx finance,Fintech,,1000000.0,MONEYBOXX FINANCE LTD is committed to providing easy access to financing to the deserving micro enterprises in the tier 2 and tier 3 cities of India,2020,New Delhi
ewar,Gaming,pre series a,,EWar Games is a e-sports and real-time gaming start-up.,2020,Bengaluru
sucseed indovation,Fintech,,5000000.0,"SucSEED INDOVATION FACILITATES ACCESS TO CAPITAL FOR DEEP TECH STARTUPS TO INNOVATE, SCALE & GROW",2020,Hyderabad
taxbuddycom,Fintech,,1000000.0,TaxBuddy for any tax related issues.,2020,Mumbai
awign enterprises,Work fulfillment,,500000.0,Operations and manpower outsourcing startup,2020,Bengaluru
circle of angels,Fintech,,3000000.0,Circles of Angels aims to solve this issue through the creation of a funding network that makes impact funding accessible to everyone.,2020,Gurugram
coindcx,Fintech,series b,10000000.0,CoinDCX is a company that specializes in crypto-enabled financial services.,2020,Mumbai
glance,AI startup,,145000000.0,Glance is a screen zero platform that consumers use across connected devices to experience the Internet.,2020,Bengaluru
verse innovation,Telecommunication,,100000000.0,Owner of Dailyhunt App and I-Pay,2020,Bengaluru
voosh,Food Industry,pre seed,,Building India's largest digital food service brand,2020,Bengaluru
delhivery,E-commerce,,,Delhivery is a supply chain services company that provides products and services to build trust and improve the lives of consumers.,2020,Gurugram
arya,AgriTech,series b,21000000.0,"""Simplifying Agribusiness"" Throughout Agri-Supply chain, FPO Market Linkages, Market Research, Implementation",2020,Noida
pickrr,Logistics,,4000000.0,Pickrr is an on-demand first mile logistics company,2020,New Delhi
phonepe,Fintech,,20000000.0,PhonePe is a mobile payment application that enables users to transfer money instantly.,2020,Andheri
countingwell,Edtech,pre series a,1000000.0,"An interactive Maths app, Countingwell breaks Maths concepts into short, simple modules that get kids learning with the least amount of screen time.",2020,Bengaluru
callifyai,Tech Startup,seed,560000.0,Callify.ai is a Voice-Based Candidate Screening & Engagement platform for Talent Acquisition teams.,2020,Mumbai
hudle,Sports,pre series a,,Hudle is a sports & fitness discovery & booking platform with 300+ sports venues and sports events/tournaments available for booking.,2020,New Delhi
cover it up,E-commerce,seed,400000.0,Online portal that churns out high quality products,2020,Chennai
bitespeed,E-commerce,seed,275000.0,Chat-based commerce for E-commerce brands,2020,Gurugram
wakefit,Retail,series b,20000000.0,Wakefitkart is a mattress manufacturing company,2020,Bengaluru
sreyas holistic remedies,Medtech,,1000000.0,Sreyas Holistic Remedies operates a chain of dermatologist clinics under the brand name of Oliva,2020,Hyderabad
fleeca india,Tyre management,,,FLEECA is a Tyre Care Provider company.,2020,Jaipur
m1xchange,Fintech,,4500000.0,M1 an online exchange for TReDS set up under the approval RBI to facilitate discounting of invoices on a PAN India basis.,2020,Gurugram
exotel,Cloud company,,5000000.0,Exotel provides cloud telephony services such as virtual phone numbers and telephony applications for small and medium enterprises in India.,2020,Bengaluru
pagarbook,Software company,series a,15000000.0,"Staff's Salary, Work & Attendance Management Application",2020,Bengaluru
pointone capital,Venture capitalist,,,Pre-seed/Seed focussed VC investor,2020,Bengaluru
ayana,Renewable player,,390000000.0,Ayana Renewable Power is an Indian renewable energy platform,2020,Bengaluru
fisdom,Fintech,,7000000.0,Fisdom is a fintech company that offers investment advisory services through an application.,2020,Bengaluru
tinker coders,Edtech,seed,,Tinker Coder is a LIVE Online Platform through which kids will learn the art of coding,2020,Noida
infinite uptime,IoT startup,series b,5100000.0,The industrial Internet platform that harnesses the power of big data & predictive analytics for data-driven decision making.,2020,Pune
happylocate,SaaS,pre series a,500000.0,"HappyLocate is India's first One Stop Relocation Platform, transforming the way Employee Relocations are managed",2020,Bengaluru
phonepe,Fintech,,700000000.0,PhonePe is a mobile payments application that allows the user to transfer money instantly.,2020,New Delhi
loop health,Healthtech,seed,2300000.0,Loop Health is bringing ease and choice to patients seeking major medical treatments.,2020,Pune
neodocs,Healthtech,pre seed,,Neodocs analyses medical reports and provides personalised health recommendations remotely.,2020,Mumbai
the eplane,Aero company,seed,,Transforming the mobility landscape using aerial transport.,2020,Chennai
tagmango,Marketing company,seed,700000.0,"TagMango is a marketing and advertising app that helps influencer, and brands to partner with individuals.",2020,Mumbai
the new shop,Retail startup,seed,500000.0,The New Shop is a chain of high speed retail stores,2020,New Delhi
mobikwik,Fintech,,7000000.0,"MobiKwik is India’s leading fintech platform, operating businesses in consumer payments, payment gateway, and financial services.",2020,Gurugram
debugsbunny,Edtech,,100000.0,DebugsBunny is the best Kids Coding Platform where kids are taught to code online by our expert teachers.,2020,Pune
bhive investech,Co-working Startup,seed,1000000.0,BHIVE is Bangalore's (India) largest Coworking space that allows entrepreneurs to take their ideas to the next level.,2020,Bengaluru
rivigo,Logistics,,19000000.0,Rivigo is a technology-enabled logistics platform provider that offers transport services.,2020,Gurugram
ziploan,Finance company,,3000000.0,ZipLoan is a online lending platform,2020,New Delhi
swipez,Fintech,,,Swipez is a payment collection platform.,2020,Pune
humus,AgriTech,,,Farmgate to Retail outlet Agri-Fresh produce supply chain,2020,Bengaluru
artivaticai,Tech company,,,"Artivatic's patent pending technology solves complex problems in Insurance for On-boarding, Fraud, Risk Profiling, Underwriting & claims.",2020,Bengaluru
prescinto,Solar Monitoring Company,seed,,Prescinto provides solutions for solar monitoring and analytics solutions.,2020,Ahmedabad
toppeq,SaaS,seed,,SaaS-based equity management platform,2020,Mumbai
bolo indya,Video sharing platform,,400000.0,"Bolo Indya is a short video & commerce platform. It allows users to create, watch and share videos & discover and avail services.",2020,Gurugram
bombay play,Gaming startup,seed,1000000.0,Bombay Play is a Card and Toy Company Making games for India.,2020,Bengaluru
freshtohome,E-commerce,,,Freshtohome is an e-commerce platform for fresh and chemical-free seafood.,2020,Bengaluru
kiko tv,Video streaming platform,seed,,KIKO TV is an AI-based short live video e-commerce platform.,2020,Mumbai
atomberg technologies,Consumer appliances,series b,9000000.0,"Atomberg Technology aspires to be the ""Tesla"" of the world of household appliances",2020,Mumbai
dealshare,E-commerce,series c,21000000.0,DealShare is a Social Commerce Startup,2020,Jaipur
smallcase,Fintech,,,Changing how India invests in equities,2020,Bengaluru
cuemath,Edtech,series c,40000000.0,Cuemath is an engaging ‘learning-by-doing’ methodology for students with face-to-face sessions from highly-trained Cuemath teachers.,2020,Bengaluru
gamerji,Gaming startup,seed,,"Gamerji is an online esports gaming platform where tournaments are created for different games such as PUBG, COD, Free Fire etc.",2020,Ahmedabad
5c network,Healthtech,pre series a,1200000.0,"5C is India's first Diagnostics Network, making Radiodiagnosis more Accessible, Affordable and Accurate",2020,Bengaluru
ethereum push notification service,Blockchain startup,seed,750000.0,EPNS is a decentralized notification protocol,2020,Mumbai
mihup,Conversational AI platform,series a,1500000.0,Intelligence-based personal mobile assistant app,2020,Kolkata
ruralbasket,E-commerce,,500000.0,Naturally grown and healthy products directly from farmers.,2020,Tirunelveli
waycool foods,AgriTech,debt financing,7800000.0,"WayCool has adopted a tech-enabled supply chain approach to produce staples like rice, dairy, and value added products.",2020,Chennai
inframarket,Real Estate,series b,20000000.0,Hella Infra Market develops an online procurement marketplace intended to serve the real estate and construction materials industry.,2020,Thane
info edge venture,Venture capitalist,,50000000.0,"Info Edge provides online recruitment, matrimonial and real estate classifieds, and related services.",2020,Noida
clovia,E-commerce,pre series c,4000000.0,Clovia is the online lingerie retailer,2020,Noida
codingal,Edtech,seed,560000.0,Coding education platform for K-12 students,2020,Bengaluru
cred,Finance company,series c,80000000.0,CRED is a members-only app that rewards the user with exclusive rewards for paying credit card bills.,2020,Bengaluru
vistaar finance,Finance company,,30000000.0,The preferred full range Financial Services provider to the Small Business segment focused on rural and semi urban markets.,2020,Bengaluru
lets dive,SaaS platform,,1700000.0,A platform for remote employee engagement and building team culture,2020,Bengaluru
habitat,Edtech,seed,600000.0,"Habitat, a social learning edtech platform for civil service aspirants",2020,
sawo labs,SaaS platform,seed,600000.0,Providing Secure Authentication solutions to Apps and Websites. Eliminating Passwords and OTPs for a seamless User Experience.,2020,Mumbai
signzy,AI platform,,3000000.0,Signzy are creating 'building blocks for a Digital Trust system.,2020,Bengaluru
kopykitab,Edtech,,,"Kopykitab is an India-based digital library that provides eBooks, and digital content in school and higher education.",2020,Bengaluru
kyt,Edtech,,2500000.0,Holistic education for every child | Individual and small group live classes for ages 5 - 15 years,2020,Singapore
raskik,Fusion beverages,pre series a,1000000.0,All new fusion-flavour fruit juices with the goodness of coconut and taste of India's finest fruits.,2020,
getwork,HR Tech,pre seed,40000.0,GetWork is a campus recruiting platform to post your jobs and hire across dozens of colleges at once.,2020,Gurugram
mobile premier league mpl,Gaming,series b,500000.0,Mobile Premier League is a skill-based eSports platform used to offer cash prizes while playing games.,2020,Bengaluru
pravasirojgar,Job portal,,33000000.0,Initiative for blue-collar job workers,2020,
omatra hotels,Hospitality,seed,,Omatra is very new hotel management firm recently registered as Omatra Hospitality Services Private Limited.,2020,Kolkata
awign,Job portal,pre series b,,Operations and manpower outsourcing startup,2020,Bengaluru
cashfree,Fintech,series b,35000000.0,Cashfree is a payments and banking technology company that enables businesses in India to collect payments online and make payouts.,2020,Bengaluru
credgenics,Fintech,pre series a,3000000.0,"Credgenics is a tech-enabled platform backed by Titan Capital, helping fintech lenders and Banks in their critical NPA reduction",2020,New Delhi
geoiq,AI startup,seed,300000.0,"Map-based intelligent platform with single-click access to street-level location data - demographics, competitions, movements - for retail.",2020,Bengaluru
quintype,Content management,series a,3500000.0,"A technology company that focus on building a suite of digital publishing solutions to simplify content creation, distribution, audience engagement",2020,Bengaluru
astrogate labs,Spacetech,,,Astrogate Labs provides high-quality products related to space infrastructure.,2020,Bengaluru
power gummies,Healthtech,bridge,,Power Gummies are a team of passionate givers who are dedicated to catering nutritional supplements,2020,New Delhi
cityflo,Transportation,series a,7000000.0,Cityflo is an urban transportation app that provides comfortable and economical buses for daily commute.,2020,Mumbai
algobulls,Trading platform,,200000.0,Algobulls is a state-of-the-art Trading Platform where customers are provided with Fully Automated Algorithmic Trading,2020,Mumbai
credgenics,Fintech,pre series a,3000000.0,"Credgenics is a tech-enabled platform backed by Titan Capital, helping fintech lenders and Banks in their critical NPA reduction",2020,Gurugram
ensuredit,Fintech,pre series a,300000.0,ENSUREDIT enables and empowers end customers and Insurance Intermediaries with AI-based product platforms for transformational customer experience.,2020,Gurugram
shipsy,AI Company,series a,6000000.0,Shipsy's platform enables data driven decision making enhancing visibility and operational efficiency for Supply Chain industry,2020,Gurugram
erpnext,Tech company,,1000000.0,"ERPNext is an Open Source, Online ERP solution which includes Accounting, CRM, Inventory, Purchasing, HR, Support and a lot more.",2020,Mumbai
lightspeedai,Photonics startup,,,Developer of an optoelectronic processor designed to accelerate AI computations.,2020,Bengaluru
grip invest,Fintech,pre series a,,Grip is an investment platform that allows retail investors to make small ticket investments in physical assets that earn lease income.,2020,Gurugram
unacademy,Edtech,,,Unacademy is an online learning platform providing educational content such as video lectures and examinations.,2020,Bengaluru
yellow classes,Edtech,pre series a,1300000.0,New-age fun-learning platform for kids.,2020,Gurugram
plum,Healthtech,,4100000.0,High quality health insurance and health benefits,2020,Bengaluru
stage,Entertainment,,1000000.0,STAGE is an Indian language content platform for artist-led entertainment.,2020,Indore
nykaa,Cosmetics,,,Nykaa is an online marketplace for different beauty and wellness products.,2020,Mumbai
kaagaz scanner,Scanning app,,575000.0,Kaagaz Scanner is the Indian replacement to banned Cam Scanner App.,2020,
nira,Fintech,,1000000.0,"NIRA promotes financial inclusion by creating simple, transparent products that empower individuals to live a life of choice and freedom.",2020,Bengaluru
prolixr,Skincare startup,seed,,A premium skincare brand committed towards building innovative skin care wellness.,2020,Gurugram
byjus,Edtech,,200000000.0,BYJU'S is an educational technology company that develops personalized learning programs for K-12 students.,2020,Bengaluru
damensch,E-commerce,,6000000.0,DaMENSCH is a designer and seller of men's apparel.,2020,Bengaluru
signalx,AI startup,seed,800000.0,SignalX offers an artificial intelligence-powered SaaS platform,2020,Hyderabad
lancify,Edtech,,300000.0,Lancify is building the world's strongest young workforce,2020,Bengaluru
krimanshi,Biotechnology company,seed,600000.0,Krimanshi aims to increase rural income by improving the productivity of Indian cattle with better quality feed.,2020,Jodhpur
instoried,AI startup,pre series a,1000000.0,Instoried is an augmented writing platform which improves customer interest and engagement.,2020,Bengaluru
playerzpot,Gaming startup,series a,3000000.0,"Favorite fantasy cricket, football & kabaddi leagues online to win daily cash and prizes",2020,Mumbai
instamojo,Fintech,,,"Instamojo is an on-demand payments platform that enables entrepreneurs to build, manage, and grow their business online.",2020,Bengaluru
turtlemint,Healthtech,,30000000.0,Turtlemint has built Indian personalized insurance platform,2020,Mumbai
arata,E-commerce,pre series a,1000000.0,Arata is an e-commerce site for beauty products and cosmetics.,2020,New Delhi
mpl,Gaming startup,,5000000.0,Mobile Premier League is a skill-based eSports platform used to offer cash prizes while playing games.,2020,Bengaluru
true balance,Fintech,,28000000.0,True Balance is a digital wallet that enables users to access utility bill payment and other financial products.,2020,Gurugram
thrive,FoodTech,pre series a,,"Thrive is all-in-one restaurant ordering suite for table ordering, pickup, and delivery with marketing in-built.",2020,Mumbai
kitchens centre,Proptech,pre series a,,Kitchens Centre offers turnkey solutions to cloud kitchens.,2020,New Delhi
prescribe,Healthtech,,100000.0,Provide online services to patients by leveraging WhatsApp.,2020,Chennai
nepra,CleanTech,series c,18000000.0,NEPRA Resource Management provides waste management solutions in India.,2020,Ahmedabad
infeedo,SaaS,,3200000.0,"inFeedo is a predictive people analytics company helping 300,000+ employees in 100+ companies make their voice feel heard and valued.",2020,Gurugram
shilpa sciences,Healthtech,pre series a,,Shilps Sciences is a healthtech platform that claims to have solved gene editing by accelerating single gene cell applications.,2020,Bengaluru
arzooo,Tech Startup,,,"B2B retail tech platform transforming 300,000+ SMEs in electronics space with its flagship ""Go Store"" product",2020,Bengaluru
mindtickle,SaaS platform,debt financing,100000000.0,MindTickle offers the industry's most comprehensive sales readiness solution for closing knowledge and skill gaps in customer-facing teams.,2020,Pune
slice,Fintech,debt financing,5000000.0,Slice is a card for first-time credit card users. They are inventing the future of finance for young Indians,2020,Bengaluru
rapawalk,E-commerce,seed,300000.0,Rapawalk is an online brand that offers a personalized service of creating your own shoes.,2020,Bengaluru
oga fits,Fitness startup,pre series a,,The new-age home workout app that gives you an unmatched boutique digital fitness studio experience.,2020,Bengaluru
laval,Cosmetics,pre series a,,"Laval Cosmetics, affordable makeup for all ages",2020,Bengaluru
stride ventures,Venture capitalist,,80000000.0,Stride Ventures is a venture capital firm in India which aims to invest in innovative startups across the country.,2020,New Delhi
blacksoil,Fintech,,10000000.0,Blacksoil Advisory is an independent boutique advisory firm.,2020,Mumbai
biocon,Healthcare,,15000000.0,"Biocon is a healthcare and technology, company focused on biotechnology.",2020,Bengaluru
xpressbees,E-commerce,,100000000.0,Xpressbees is an e-commerce logistics company that provides reliable logistics solutions to its partners.,2020,Pune
galaxycard,Fintech,seed,,Mobile based Instant credit card. | Easiest way to get a credit card. Get one in 3 minutes,2020,Gurugram
wellness forever,Healthtech,,100000000.0,Wellness Forever is the one-stop destination for wellness,2020,Mumbai
mooofarm,AgriTech,pre seed,500000.0,MoooFarm is an information technology company that bridges the technology gap to help marginalized dairy farmers.,2020,Gurugram
bitclass,PaaS startup,seed,2000000.0,BitClass is a PaaS solution which helps teachers set up their independent live classes,2020,Bengaluru
gonuts,Entertainment,seed,400000.0,Personalised Video shoutouts from favourite celebrity.,2020,Mumbai
uolo,Edtech,seed,2000000.0,Uolo Technology is founded by paranoid parents who want to make a difference to preschool experience.,2020,Bengaluru
kirana king,Retail,pre series a,900000.0,"A revolutionary idea of standardization, digitization & centralization to traditional Grocery system.",2020,Jaipur
jade forest,Beverages,seed,250000.0,"NATURALLY THE BEST From zero artificial ingredients in our drinks to the way they make you feel, we bring you a bespoke range of natural mixers.",2020,Delhi
ikure,Healthtech,,,iKure is a social enterprise that delivers primary healthcare and wellness & prevention services to communities in India,2020,Kolkata
frontrow,Edtech,seed,3200000.0,"Comprehensive courses, taught by idols.",2020,Bengaluru
reliance retail,E-commerce,,10000000.0,Reliance Retail Ventures Limited is a subsidiary company of Reliance Industries Limited.,2020,Mumbai
tubbr,Social Media,,,World's First Personal Social Network,2020,Frisco
ather energy,Automobiles,series d,35000000.0,Ather Energy is a manufacturer of electric scooters.,2020,Bengaluru
routematic,SaaS,,2000000.0,Vision is to enable a safer and more comfortable commute to work for employees of India Inc.,2020,Bengaluru
livfin,Fintech,,4700000.0,LivFin is a non-banking financial company registered with the Reserve Bank of India (RBI),2020,New Delhi
universal sportsbiz pvt ltd,Fashion startup,,,A fashion startup based in Bengaluru.,2020,Bengaluru
lattu kids,Edtech,,,Lattu kids is an edutainment platform for preschool kids.,2020,Mumbai
eggoz,Food & Bevarages,pre series a,1500000.0,"Eggoz is a brand of fresh and chemical-free eggs, produced in tech-enabled & nutrition-engineered deep integration partnership with farmers.",2020,Indore
steradian semiconductors,Deeptech,,,Semiconductor company focused on CMOS millimeter wave products for Radar.,2020,Bengaluru
stones2milestones,Edtech,bridge,2000000.0,Stones2milestones is India (Delhi) Based EdTech Company,2020,Gurugram
udacity,Edtech,debt financing,75000000.0,"Udacity develops an online learning platform offering programs in artificial intelligence, machine learning, and robotics sector.",2020,California
ajnalens,AR/VR startup,bridge,1000000.0,"AjnaLens develops AR/VR wearables primarily for the Defence, Education and enterprise customers.",2020,Thane
gully network,E-commerce,pre series a,1200000.0,Gully Network is a tech-enabled network of mid-sized grocery stores.,2020,Bengaluru
turbohire,Recruitment startup,seed,1000000.0,Talent Intelligence Platform for enterprises that helps recruiters discover the right candidates for a job using a Human-like AI,2020,Hyderabad
traya,Healthtech,seed,,work with our customers closely to get their hair health sorted for long-term effective results,2020,Mumbai
charcoal eats,QSR startup,,2000000.0,"In the last five years, have served over 1.5 million orders and enjoy high customer satisfaction.",2020,Mumbai
mitron tv,Video platform,,,Mitron is a free short videoplatform for next generation,2020,Bengaluru
svami,Food & Bevarages,,800000.0,Svami is the result of three seasoned drinkers extending their love for libations to the larger world of drinks.,2020,Mumbai
dhurnia,Edtech,,100000.0,Developer of an online learning platform intended for various competitive exam preparations.,2020,Dhingsara
expertrons,Edtech,,,Expertrons is an AI video bot platform created to help students and professionals prepare for interviews.,2020,Mumbai
leena ai,AI startup,,8000000.0,Leena AI offers a human resource management platform that transforms employee experience with conversational AI.,2020,New York
bizlog,Logistics,,1000000.0,Bizlog Value Chain enables re-commerce and circular economy through unique REVERSE LOGISTICS engine.,2020,Bengaluru
tamashalive,Gaming,,300000.0,"Tamasha offers a platform for influencers to host live, video based, real money contests and games.",2020,Mumbai
fedo,AI startup,,1000000.0,Artificial Intelligence based Credit Score for Health,2020,Bengaluru
fabhotels,Hospitality,,1000000.0,Fabhotels is the online aggregator for hotel rooms. It aims to provide standardized services at economical budgets.,2020,Gurugram
freshokartz,AgriTech,pre series a,1000000.0,"Freshokartz provides soil data based crop and fertilisers recommendation to farmers and delivery seeds, pesticides",2020,Jaipur
flexiloans,Fintech,debt financing,6000000.0,"an online lending platform started with an endeavour to solve the problem that SMEs face in accessing Quick, Flexible and Adequate funds for growing their Businesses.",2020,Mumbai
agrix,AgriTech,,,"Farming-as-a-service (covering farm machinery and agri input services) and provides market linkages, especially for fragmented farm owners.",2020,Patna
bharatagri,AgriTech,pre series a,,A Smart Farming Technology Platform for Indian Farmers,2020,Pune
freshtohome,E-commerce,series c,121000000.0,Freshtohome is an e-commerce platform for fresh and chemical-free seafood.,2020,Bengaluru
credable,Fintech,,4500000.0,CredAble provides working capital & supply chain finance programs for large enterprises and their suppliers and distributors.,2020,Mumbai
railofy,Transportation,seed,5000000.0,Railofy is a WL & RAC protection that enables waitlisted passengers to reach their destination at the lowest possible price.,2020,Mumbai
finova capital,Fintech,,55000000.0,Finova Capital is a non-banking financial company.,2020,Jaipur
teachmint,Edtech,seed,3500000.0,Teachmint is an easy to use platform for tutors to conduct unlimited live classes and manage their classrooms,2020,Bengaluru
peelworks,E-commerce,,3000000.0,Peel-Works is a tech and data analytics company specializing in e-commerce for corner stores.,2020,Mumbai
janani,Fertility tech,pre seed,200000.0,Janani aims to make the process of infertility treatment and assisted fertilisation easier,2020,Bengaluru
credgenics,Fintech,seed,3300000.0,"Credgenics is a tech-enabled platform backed by Titan Capital, helping fintech lenders and Banks in their critical NPA reduction",2020,Gurugram
finelistings,Luxury car startup,,,A Used Luxury Car Marketplace,2020,New Delhi
wellversed,Healthcare,pre series a,,Wellversed Health enables production of customised clinical food products specific to health requirements of a demography or an individual.,2020,New Delhi
jumbotail,E-commerce,series b,11000000.0,"Jumbotail is solving an important problem of organising food and grocery ecosystem in India through technology, data science and design.",2020,Bengaluru
winzo,Gaming startup,,2000000.0,WinZO is a mobile e-sports social gaming platform that offers monetary benefits and prizes to players.,2020,New Delhi
mcaffeine,Cosmetics,series b,5000000.0,"MCaffeine is a personal care brand that offers caffein-infused face, body, and hair care products.",2020,Mumbai
pocket fm,FM,series a,5000000.0,Pocket FM is an audiobook & podcast app that brings you over 10K+ popular audiobooks.,2020,Bengaluru
snackible,Healthcare,bridge,,Snackible operates a health-food production company designed to sell healthy snack food via online and offline channels.,2020,Mumbai
freshtohome,E-commerce,,16000000.0,Freshtohome is an e-commerce platform for fresh and chemical-free seafood.,2020,Bengaluru
jumbotail,Retail,series b,11000000.0,Jumbotail is solving an important problem of organising food and grocery ecosystem in India,2020,Bengaluru
nykaa,E-commerce,,,Nykaa is an online marketplace for different beauty and wellness products.,2020,Mumbai
tagz foods,Food,,,TagZ Foods is a supplier of snacks and food products.,2020,Bengaluru
genius teacher,Edtech,,2000000.0,"Genius Teacher creates engaging educational content, delivers fun learning experience to the students",2020,Mumbai
krimanshi feeds,Nutrition sector,,500000.0,Krimanshi aims to increase rural income by improving the productivity of Indian cattle with better quality feed.,2020,Jodhpur
origo,AgriTech,debt financing,4000000.0,Provider of marketing and warehousing services for agricultural commodities.,2020,Gurugram
getvantage,Fintech,seed,5000000.0,GetVantage is India and Southeast Asia's first fintech enabled Revenue-based financing platform.,2020,Mumbai
betterplace,Tech platform,series b,10000000.0,Developer of a digital verification platform designed to manage the semi-formal workforce.,2020,Bengaluru
biddano,Healthcare,pre series a,600000.0,India's 1st tech-enabled healthcare logistics platform.,2020,Mumbai
invideo,Video,series a,15000000.0,InVideo enables you to transform your content into great videos.,2020,Mumbai
arzooo,Retail Tech,series a,7500000.0,"Retail tech platform empowering 300,000+ small retailers in electronics space to compete with big organised players and increase sales",2020,Bengaluru
hubilo,Tech company,seed,4500000.0,World’s smartest virtual event platform that brings Experience & Intelligence together,2020,San Francisco
basic home loan,Fintech,seed,5000000.0,"A platform for automating home loans for middle and low-income households in India,",2020,Gurugram
ketos,AI startup,,18000000.0,KETOS provides hardware and software analytics solutions and real-time data for usage and flow across water systems.,2020,San Francisco
sugar cosmetics,Cosmetics,debt financing,2000000.0,It is a cruelty-free makeup brand providing cosmetics that is high on style and higher on performance.,2020,Mumbai
signzy,Fintech,,5400000.0,It is creating 'building blocks for a Digital Trust system.,2020,Bengaluru
ahaguru,Edtech,series a,,"It is conducting IIT JEE Coach for Physics, Math and Chemistry easily.",2020,Chennai
tekion,AI startup,series c,150000000.0,It is a cloud-built platform with advanced machine learning and AI capabilities for a personalized and seamless consumer experience.,2020,San Ramon
brighteye ventures,Edtech,,5400000.0,Education technology venture capital firm.,2020,Paris
ezerx,Medtech,seed,200000.0,Developer and manufacturer of medical devices,2020,Kolkata
vitaltech,HeathTech,seed,3000000.0,"VitalTech is a develop technologies that empower patients to better care for their safety,",2020,Plano
ultraviolette automotive,Automobiles,series b,4000000.0,Ultraviolette Automotive is a technology startup working on electric two-wheelers and energy infrastructure.,2020,Bengaluru
tring,Social Media,,,"Tring is a celebrity engagement platform, for all occasions including birthday, anniversaries, get well soon messages.",2020,Mumbai
rare planet,Retail startup,pre series a,400000.0,Rare Planet sells handicrafts made by local artisans.,2020,Kolkata
goodgamer,Gaming,seed,2500000.0,GoodGamer is India's first Daily Fantasy Sports and true Esports gaming platform.,2020,Bengaluru
innaccel,Medtech,pre series a,1500000.0,"A building a portfolio of novel medical devices designed, engineered, and priced for global Emerging Markets.",2020,Bengaluru
tiliter,Retail,,7500000.0,Software that uses computer vision to recognise products without barcodes,2020,Sydney
slintel,Sles and marketing,,4200000.0,"Slintel, a leader in capturing technographics-powered buying intent, helps companies uncover the 3% of active buyers in their target market.",2020,San Francisco Bay Area
soolegal,LegalTech,,4000000.0,"SoOLEGAL is a global integrated directory of lawyers, legal aid organizations, and Law firms.",2020,New Delhi
hobspace,Edtech,seed,200000.0,India's Activity Hub for Kids,2020,Mumbai
supplynote,SaaS,seed,500000.0,Supplynote is India's leading procurement platform with a unique stack of SAAS and E-commerce to solve the procurement problem,2020,Noida
hire me car,Car Service,seed,,India's largest cloud based digital discovery and services provisioning platform for the taxi rental,2020,Noida
shopup,E-commerce,series a,22000000.0,"ShopUp provides easy access to B2B sourcing, last-mile logistics, digital credit, and business management solutions to small businesses.",2020,Bangaldesh
harmonizer india,Tech Startup,,,"Energy-efficient solutions based on the Artificial Intelligence, Machine Learning and Internet of Things technology,",2020,Bengaluru
zomato,FoodTech,,52000000.0,Zomato is a food delivery and restaurant discovery site that provides information and reviews about restaurants.,2020,Gurugram
dukaan,Tech Startup,seed,6000000.0,Developer of an android application designed for businesses to sell online.,2020,Mumbai
credr,Bike marketplace,,2000000.0,India’s Only 100% Inspected and Certified Used Bikes Marketplace.,2020,Mumbai
satyukt,Agri tech,seed,500000.0,An agritech company that provides business to business (B2B) agricultural data,2020,Bengaluru
racenergy,Automobiles,,,RACEnergy builds and deploys battery swapping infrastructure for use in various segments of vehicles.,2020,Hyderabad
tread,Fitness startup,pre seed,1100000.0,A homegrown fitness startup that aims to advance the 'Fit India' initiative by offering holistic and affordable workouts.,2020,Bengaluru
anveshan,FoodTech,pre seed,100000.0,Provide quality and healthy food products,2020,Bengaluru
teamonk,Food & Bevarages,pre series a,900000.0,India's Finest Specialty Tea company.,2020,Bengaluru
fleetx,Tech Startup,pre series b,3000000.0,"Fleetx is an intelligent data platform which uses AI, machine learning, sensors and predictive analytics to help fleet owners.",2020,Gurugram
renewate,Real Estate,pre seed,,"Tech platform helping millions of renovation contractors, property improvement professionals and businesses manage their business digitally.",2020,Pune
tango eye,SaaS,seed,,Retail Video Analytics SaaS product,2020,Chennai
rare planet,Reatil startup,pre series a,,Rare Planet sells handicrafts made by local artisans.,2020,Kolkata
avataa me,AR platform,series a,7000000.0,AVATAAR.ME is a deep-tech 3D AR platform which delivers personalized fashion discovery experience to users on mobile devices.,2020,Bengaluru
arrival,EV startup,,118000000.0,Arrival is a technology company that specializes in developing electric vehicles.,2020,London
cover genius,Fintech,,15000000.0,Cover Genius provides an insurance distribution platform designed to protect the customers of e-commerce companies,2020,Sydney
phononic vibes,Deeptech,,2300000.0,"Phononic Vibes introduces a new patented technology for vibration and noise control and isolation, with a circular economy approach.",2020,Milano
mikelegal,LegalTech,seed,,MikeLegal is an AI powered legal associate that aims to build an ecosystem of legal tools,2020,Gurugram
clair,Fintech,seed,4500000.0,Clair is a social fintech that provides Instant Pay Access as a Service for human capital management and gig platforms.,2020,New York
gourmet garden,Consumer Goods,,,Gourmet Garden is a global market leader in chilled convenient packaged herbs.,2020,Palmwoods
miko,AI startup,pre series b,3000000.0,"Miko is an advanced robotics startup founded by three IIT Bombay post-graduates on the pillars of robotics, AI & IoT.",2020,Mumbai
razorpay,Fintech,series d,100000000.0,"Razorpay is a platform that enables businesses to accept, process, and disburse payments.",2020,Bengaluru
ninjacart,Food Industry,,30000000.0,"Ninjacart is a business-to-business fresh produce supply chain that connects farmers, manufactures, and brands to retailers directly.",2020,Bengaluru
wow momo,Food Industry,debt financing,5000000.0,Wow! Momo is a chain of fast-food restaurants that specializes in momos.,2020,Kolkata
pepper content,Content marketplace,series a,4200000.0,Pepper Content is a Content-Mediation Platform that connects talented writers to organisations that require content.,2020,Mumbai
livspace,Interior Design,debt financing,4000000.0,"Livspace is an interior design startup that offers a platform that connects people to designers, services, and products.",2020,Bengaluru
acculi labs,Healthcare,seed,600000.0,Acculi Labs is a clinical grade smartphone based diagnostic tool,2020,Bengaluru
your md,Healthcare,,25000000.0,Your.MD is a platform committed to helping a billion people find their health by unlocking self-care with digital technology.,2020,London
antaios,Tech company,,11000000.0,Developer of memory-based technology intended to solve issues of advanced computing.,2020,France
unnati,AgriTech,pre series a,1700000.0,A helping hand to the farming community through Artificial Intelligence,2020,Noida
disprz,Edtech,pre series b,1600000.0,"Disprz is a one-of-its-kind “knowledge-tech” start-up that strives to make people knowledgeable, productive and smarter at what they do.",2020,Chennai
uni,Fintech,seed,18500000.0,The team aims to bridge the gap for credit cards and make them more accessible for people across different regions.,2020,Mumbai
credit wise capital,Fintech,seed,6000000.0,CreditWise Capital is a consumer finance company.,2020,Mumbai
chargebee,SaaS,series f,55000000.0,Chargebee is a PCI Level 1 certified subscription and recurring billing system for SaaS and subscription based eCommerce businesses,2020,San Francisco Bay Area
reliance retail ventures ltd,Retail,,70000000000.0,"Reliance Retail offers online shopping and a chain of neighborhood stores, supermarkets, and wholesale/specialty stores.",2020,Mumbai
winuall,Edtech,,2000000.0,"Winuall specializes in the fields of E-learning, online quizzes, and tests, study material for competitive exams.",2020,Bengaluru
genrobotics,AI startup,,300000.0,GenRobotic specializes in powered robotic exoskeletons with RC controlled humanoid robotic systems and Artificial Intelligence.,2020,Thiruvananthapuram
livve,Rental space,seed,1500000.0,An online platform where both owners and tenants find help in making sure their rental transaction are safe and secure.,2020,Kochi
ergos,AgriTech,series a,5000000.0,Ergos is building an integrated supply chain by setting up micro warehouses.,2020,Samastipur
krishitantra,Soil-Tech,seed,1000000.0,Krishi-Tantra is an Agri-IoT startup building farm automation for controlled agricultural environment.,2020,Hyderabad
pakkaprofile,Recruitment startup,seed,,"PakkaProfile bridges the gap between companies and the workforce by making better, unbiased decisions with the help of psychometric games",2020,Bengaluru
monet networks,AI startup,bridge,500000.0,Monet Networks Using sentiment and non verbal cues analysis for increased engagement and real time content feedback.,2020,Irvine
unocoin,Fintech,series a,,"Unocoin is an Indian bitcoin processor that enables users to buy, sell, store, use, and accept bitcoins.",2020,Tumkur
pesto,Edtech,,,Pesto is a career accelerator for software engineers with the mission to take opportunities to places where talent exists.,2020,New Delhi
nirogstreet,Ayurveda tech,pre series a,2000000.0,NirogStreet is an Ayurvedic doctor discovery and appointment booking platform where patients can easily find doctors and fix consultation.,2020,Gurugram
bambrew,Packaging solution startup,pre seed,,Bambrew is an online shop for reusable bamboo straws.,2020,Bengaluru
omnify,SaaS,pre series a,,Omnify is a Global SaaS platform for Small Services Business,2020,San Francisco Bay Area
fanball xi,Gaming,seed,1000000.0,The gaming company mostly focused on fantasy football games,2020,New Delhi
treebo hotels,Hospitality,,6000000.0,"Treebo is India's tech-enabled, asset-light affordable accommodation brand.",2020,Bengaluru
gps renewables,Cleantech,series a,3000000.0,To solve the urban waste problem by utilising local technologies and business models.,2020,Bengaluru
public,Social Media,,30000000.0,Video-led social app Public provides users with a platform to share and view important hyperlocal videos,2020,New Delhi
legal salah,LegalTech,seed,1000000.0,Legal Salah is bringing the provision of imparting value based legal and consultancy services to the user.,2020,Kolkata
fanplay,Gaming,seed,,FanPlay Technologies operates as a real-money gaming startup.,2020,New Delhi
ecostp,Sanitation solutions,,19000000.0,Eco friendly zero power zero maintenance sewage treatment plant in India.,2020,Bengaluru
coralogix,SaaS,series b,25000000.0,Coralogix is a log analytics SaaS platform that improves the delivery and maintenance process for software providers.,2020,San Francisco
equiwatt,Tech company,,300000.0,Equiwatt is a digital platform enabling households to get paid for saving energy at peak times.,2020,Newcastle Upon Tyne
reliance retail ventures,E-commerce,,800000000.0,"Reliance Retail offers online shopping and a chain of neighborhood stores, supermarkets, and wholesale/specialty stores.",2020,Mumbai
zhangmen,Edtech,,400000000.0,Zhangmen is an online tutoring platform provides tutoring courses to students.,2020,Shanghai
agrowave,AgriTech,,500000.0,Agrowave engages in transforming agriculture supply chain by connecting farms to businesses.,2020,Gurugram
sapio analytics,Tech company,,150000.0,Sapio Analytics provides AI-powered policymaking solutions for government institutions.,2020,Mumbai
taimei,Healthcare,,176000000.0,Taimei Technology provides a cloud platform for clinical research collaboration.,2020,Jiaxing
avanse financial services,Fintech,,15000000.0,"Avanse, regulated by the Reserve Bank of India, is an education finance company that operates as a non-banking finance company (NBFC).",2020,Mumbai
industry buying,E-commerce,,15000000.0,India's largest industrial ecommerce platform,2020,New Delhi
hopscotch,E-commerce,,25000000.0,"Hopscotch provides an insider access to international brands for babies, kids, and moms.",2020,Mumbai
pristyn care,Healthcare,,11000000.0,Pristyn Care is Health Care Startup that is disrupting Day Care Procedures.,2020,Gurugram
woodenstreet,Home Design,,1000000.0,Wooden Street is a online furniture platform that provides custom made & ready to order furniture.,2020,Rajasthan
acko,InsureTech,,60000000.0,Acko General Insurance is a private sector general insurance company in India.,2020,Mumbai
farmers fresh zone,AgriTech,,470000.0,FarmersFZ is an online venture for fresh and safe vegetables and agri products.,2020,Kochi
invento,AI Startup,,,Invento Robotics specializes in developing service robots intended for customer interactions.,2020,Bengaluru
infurnia,Tech Startup,,240000.0,Infurnia Technologies is an eponymous cloud-based architecture design software platform.,2020,Bengaluru
analytiqsportss supercric,Entertainment,,,SuperCric is India's first strategy Cricket Manager simulation game,2020,Bengaluru
snowflake,Tech company,,3000000000.0,Snowflake is a cloud data platform that provides a data warehouse-as-a-service designed for the cloud.,2020,California
genietalk,Tech company,,750000.0,GenieTalk as a virtual assistant uses AI to bring conversation commerce with a personalised experience on the app.,2020,Indore
classplus,Edtech,,10000000.0,Classplus offers a mobile-first SaaS platform for 3000+ tutors to offer their curriculum and operations completely online.,2020,Noida
mobile premier league,Entertainment,,74000000.0,Mobile Premier League(MPL) is a skill based E-Sports platform where you can play your favourite mobile games,2020,Bengaluru
fourth partner energy,Solar solution,,16000000.0,Fourth Partner Energy provides turnkey rooftop solar energy solutions for customers in India.,2020,Hyderabad
flipkart,E-commerce,,62000000.0,Flipkart is an e-commerce marketplace that offers over 30 million products cross 70+ categories.,2020,Bengaluru
vivriti capital,Fintech,,1000000.0,Vivriti Capital is a marketplace for small enterprises and individuals that lack efficient access to financial services.,2020,Chennai
insurancedekho,Fintech,,20000000.0,The funding for branding and marketing activities as well as strengthening the product and technology teams,2020,Ludhiana
bestdoc,Healthcare,,2100000.0,An Intelligent Patient Relationship Management (PRM) system for hospitals and other healthcare providers in India.,2020,Kochi
byjus,Edtech,,500000000.0,An Indian educational technology and online tutoring firm,2020,Bengaluru
melorra,Jewellery startup,,12500000.0,Melorra is an operator of an online jewelry store that is used to offer contemporary jewelry.,2020,Bengaluru
reliance,Multinational conglomerate company,,2200000000.0,"Reliance owns businesses across India engaged in energy, petrochemicals, textiles, natural resources",2020,Mumbai
inflexor ventures,Fintech,,10000000.0,Experienced Venture Capital-General Partner focused on Technology investments.,2020,Mumbai
pandorum,Deeptech startup,,5060000.0,A Bangalore based biotechnology company with focus on tissue engineering and regenerative medicine.,2020,Bengaluru
speakin,Social Network,,,"AI-enabled network of speakers and thought leaders, aka. experts",2020,Noida
letsup,Publication,,,"Provides News, Jobs, Information & Entertainment on WhatsApp, Absolutely free",2020,Mumbai
dream11,Entertainment,,225000000.0,Dream11 is India’s Biggest Sports Game with 30 million+ users playing Fantasy Cricket,2020,Mumbai
signalx,SaaS platform,,750000.0,"An AI-powered SaaS platform for corporate risk and due diligence for a comprehensive financial, legal, regulatory, and reputational risk analysis",2020,Hyderabad
jetsynthesys,Tech,,40000000.0,Gaming and entertainment startup,2020,Mumbai
vesta space technology,Tech Startup,,10000000.0,VestaSpace Technology specialises in making small satellite platforms for commercial and scientific applications.,2020,Pune
dozee,Healthtech,,1600000.0,Dozee offers health and wellness monitoring products.,2020,Bengaluru
rebel foods,Food,,50000000.0,"Known for its larger brands – Faasos, Behrouz Biryani, Oven story and Mandarin",2020,Pune
nykaa,Fashion,,24700000.0,Cosmetics & beauty products online,2020,Mumbai
ketto,Finance,,7700000.0,"Crowdfunding, Charity, E-commerce",2020,Mumbai
suryoday,Finance,,800000.0,Banks that extends two distinct fixed deposit schemes,2020,Mumbai
sucseed,Finance,,1300000.0,Venture Partners,2020,Hyderabad
unacademy,Edtech,,150000000.0,Unacademy is an Indian online education technology company,2020,Bengaluru
strata,Real Estate,,19067328.0,"Commercial Real Estate, Commercial Property Investment, Best Long Term Investments",2020,Bengaluru
3one4 capital,Venture capital,,100000000.0,Use transformative capital and a deep involvement strategy to help Indian entrepreneurs,2020,Bengaluru
wehub,Entreprenurship,,,WE HUB is the first-of-its-kind and only State-run platform for Women Entrepreneurs.,2020,Hyderabad
vicara,Tech Startup,,,A deep tech startup pioneering in motion-based interfaces and insights.,2020,Bengaluru
gaana,Entertainment,,51000000.0,Gaana is a commercial music streaming service providing free and licensed music.,2020,Gurugram
em3 agri,AgriTech,,1000000.0,A pioneering organization in the farming-as-a service (FaaS) space,2020,Noida
plum,Cosmetics,,115000.0,"Shampoos, Conditioner & Hair Mask For Healthy, Happy Hair",2020,Thane
odwen,Warehouse,,54000.0,India's first do-it-yourself warehouse management system.,2020,Noida
fasal,AgriTech,,20000.0,Captures real-time data on crop growth conditions using on-farm sensors and delivers advisories to farmers in Indian languages,2020,Bengaluru
trukky,Logistics,,,"Transportation, logistics services & cargo services.",2020,Ahmedabad
bankbazaar,Online financial service,,9000000.0,Check your latest Credit Score and get your Credit Report online in India for Free,2020,Chennai
specsmakers,Eyeglasses,,3000000.0,"A leader in crafting stylish, high-quality, eyewear at affordable prices.",2020,Chennai
grinntech,Battery design,,2000000.0,"Grinntech has a range of Lithium-ion batteries which sets new standards in Electrical safety, Energy density, Durability",2020,Dehradun
creditmantri,Online credit management startup,,803146.0,CreditMantri is a provider of comprehensive Credit Analysis and Credit Improvement programs.,2020,Chennai
chai waale,Beverage,,238000.0,Given the rising trend in the number of tea stalls in the city,2020,Chennai
deepsync,Tech Startup,,300000.0,"Deepsync is a revolutionary way to record your content, without you really speaking.",2020,Bengaluru
connectedh,Healthcare,,,The company’s vision is simple – Connected Healthcare.,2020,Gurugram
reliance retail,E-commerce,,10220000.0,"Retailer delivering superior value to its customers, suppliers and shareholders.",2020,Mumbai
qshala,Edtech,,300000.0,A platform that helps kids learn about life skills,2020,Bengaluru
pitstop,Car Service,,1020000.0,"Pitstop owns and operates a network of garages that provides car repair, detailing",2020,Bengaluru
customfit ai,SaaS,,,Operates on a SaaS model by providing a hyper-personalised website to users.,2020,Bengaluru
nirmata,Tech,,,Nirmata offers a complete solution for Kubernetes management and deployment for cloud-based apps,2020,San Francisco
hire me car,TravelTech,seed,,HireMeCar.com offers customers the fastest and easiest way to plan road travel.,2020,Noida
oga fit,Fitness startup,pre series a,,The new-age home workout app that gives you an unmatched boutique digital fitness studio experience.,2020,Bengaluru
shipskart,E-commerce,pre series a,200000.0,"ShipsKart platform that streamlines the way marine stores are ordered, approved and received on board with the help of technology.",2020,New Delhi
squadstack,Tech company,series a,5000000.0,"Empowering consumer businesses to improve their sales conversions and funnel efficiency, using Artificial Intelligence & Data Science.",2020,San Francisco
financepeer,Edtech,pre series a,3000000.0,Financepeer is an AI based peer to peer lending platform.,2020,Mumbai
cashify,E-commerce,debt financing,10000000.0,Cashify.in is an e-commerce platform for reselling used electronic gadgets.,2020,Gurugram
etrio,EV startup,series a,3000000.0,"Etrio is an electric vehicle company in India with tata ace electric, Electric Tata ace HT",2020,Hyderabad
codeyoung,Edtech,seed,,Codeyoung provides live online coding classes for kids between the age of 5 - 17.,2020,Bengaluru
stayqrious,Edtech,seed,2000000.0,"Live online coding courses with social learning. Build coding skills, confident communication and leadership skills with your very own coach.",2020,Bengaluru
sunstone eduversity,Edtech,series a,3000000.0,India's Only Business School That Offers MBA & PGDM Programs With 100% Placement Assurance.,2020,Gurugram
infilect,SaaS,pre series a,1500000.0,Infilect Technologies specialises in visual content intelligence by parsing large-scale visual content such as photos and videos,2020,Bengaluru
mobigarage,E-commerce,pre series a,,An ecommerce platform for refurbished electronics.,2020,New Delhi
samunnati,Agriculture,debt financing,20000000.0,Samunnati is a financial service provider focused on agri value chains.,2020,Chennai
weinnovate biosolutions,Startup laboratory,seed,,Startup working dedicatedly in the area of healthcare-therapeutic solutions.,2020,Pune
yummy corp,Food Industry,series b,12000000.0,"Yummy Corp is a food & beverages company that provides delicious, fresh, and creative food solutions for everyday corporate and group needs.",2020,Tangerang
smallcase,Fintech,series b,13400000.0,Smallcases are portfolios of stocks or ETFs created by India's top financial experts.,2020,Bengaluru
clairvolex,Tech Startup,debt financing,2000000.0,Clairvolex is an IP solutions company that manages IP assets of large corporations using an IPAM model.,2020,California
assiduus,E-commerce,series a,1000000.0,"Assiduus leverages its eCommerce experience to help build, grow and scale your brand on various eCommerce platforms",2020,Bengaluru
brinton,Healthtech,debt financing,1300000.0,Brinton is one of the fastest growing Pharmaceutical Companies spreading its network worldwide.,2020,California
afk gaming,Entertainment,pre series a,200000.0,AFK Gaming is a media and entertainment and gaming company located in Mumbai.,2020,Mumbai
infarm,AgriTech,series c,170000000.0,Infarm builds and distributes highly efficient vertical farms throughout cities to grow fresh produce right in your neighbourhood.,2020,Berlin
zuper,SaaS,seed,1100000.0,Zuper is a productivity suite for service businesses to mobile field workforce and automate all business operations.,2020,Seattle
mcaffeine,Personal care startup,series b,2900000.0,"MCaffeine is a personal care brand that offers caffein-infused face, body, and hair care products.",2020,Mumbai
origa,Fintech,debt financing,2000000.0,The charioteer of your growth at all times.,2020,Andheri
gullybuy software,Tech Startup,pre series a,543000.0,To deliver a solution that will provide shopping convenience to every consumer in India,2020,Pune
recordent,Fintech,seed,,A technology-enabled platform that helps MSMEs to increase their business efficiency through collection of dues,2020,Hyderabad
mpl,Entertainment,series c,90000000.0,Mobile Premier League is the mobile e-Sports platform based in India.,2020,Bengaluru
penny,SaaS,seed,1300000.0,Offer various development solutions and mainly focus on helping startups,2020,Riyadh
onsitego,Customer service company,series b,30000000.0,Onsitego is a customer service company for device and appliance repairs.,2020,Mumbai
precily,SaaS  startup,seed,,Precily is Artificial Intelligence platform for enterprises that increases efficiency of workforce by providing AI based solutions.,2020,California
smartclean,Tech Startup,pre series a,3400000.0,SmartClean Technologies is an AI company that offers data-driven cleaning operations designed for facilities.,2020,Singapore
clanconnect,Marketing startup,seed,600000.0,"AI-driven influencer marketing platform ClanConnect.ai, which helps brands make their campaigns more data and result-oriented",2020,Delhi
servify,Service industry,series c,23000000.0,Servify is a self-learning platform that provides device management services and warranty solutions.,2020,Mumbai
sharechat,Social media,pre series c,40000000.0,ShareChat is a social networking and regional content platform.,2020,Bengaluru
rephraseai,AI,seed,1500000.0,Rephrase.ai helps in creating high-quality videos and animations through an AI-powered visual dubbing tool.,2020,Bengaluru
melorra,Jewellery,debt financing,8090000.0,"Buy Latest Gold, Diamond & Gemstone Jewellery Designs Online Rings, Earrings, Necklace",2020,Bengaluru
fabhotels,Hospitality,series b,1030000.0,FabHotels is a network of 3 star budget hotels in India,2020,Gurugram
ekanek,Tech Startup,,5040000.0,EkAnek Networks is a new startup that is focused on building the ecosystem for new age brands in lifestyle categories,2020,New Delhi
cub mcpaws,AR startup,pre series a,800000.0,Cub McPaws is a kids clothing brand.,2020,Mumbai
zimyo,HR Tech startup,seed,1500000.0,Employee experience platform that empowers organizations to manage and retain great talent!,2020,Gurugram
pumpumpum,Automotive Startup,debt financing,360000.0,Pumpumpum is a car rental company,2020,Gurugram
burgerama,Food Startup,pre series a,,Burgerama is a unit of Junket Foods Private Limited,2020,Gurugram
moms co,Healthcare,series b,8000000.0,The Moms Co. creates a safe and natural formulated products for babies that are certified toxin-free,2020,Gurugram
dillyhub,Publication,seed,1400000.0,A service that promotes and facilitates the works of independent comic artists,2020,Seoul
fpl technologies,Fintech,series a,10000000.0,FPL is on a mission to re-imagine credit and payments from first principles and is building a mobile-first credit card,2020,Pune
fittr,Fitness startup,pre series a,2000000.0,Fitness Social Network & Consultation Platform that helps you achieve your Health & Fitness goals.,2020,Pune
illumnus,EdTech Startup,seed,100000.0,"An innovative EdTech startup from IITB & BITS alumni, offering B2B SaaS-based collaborative LMS for Schools and Universities",2020,Pune
cashkaro,E-commerce,series b,10000000.0,Cashkaro is a coupons and cashback site rewarding customers for visiting online retailers through their site.,2020,Gurugram
newton school,EdTech Startup,seed,650000.0,Newton School is a platform to learn and develop skills,2020,Bengaluru
airmeet,Tech Startup,series a,12000000.0,"Airmeet is an all-in-one events platform for virtual summits, meetups, and workshops that includes virtual social lounge",2020,Bengaluru
observe ai,Tech,series b,54000000.0,"Observe.AI develops a voice AI platform for contact centers, turning agents into top performers.",2020,San Francisco
incred,Finance,debt financing,5000000.0,"Provide loans for all your needs like personal loan for wedding, education loan, business loan",2020,Mumbai
toppr,Edtech,series d,35000000.0,Toppr is an Indian educational technology and online tutoring firm,2020,Mumbai
cartrade,Car Trade,series h,42500000.0,Buy and Sell Used Cars,2020,Mumbai
lead school,EdtTech,series c,28000000.0,Offers a high-end digital classroom system focused on enhancing the learning experience,2020,Mumbai
servify,Manufacturing,series c,11370000.0,"Enables top OEMs & ODMs in device distribution, sales, warranty",2020,Mumbai
lido learning,Edtech,series b,7500000.0,"Online classes for Std 4-9 in Math, Science, Coding, English & Leadership with top 1% tutors ‍",2020,Mumbai
apnaco,Job portal,series a,8000000.0,Can find all types of jobs from entry level to experienced people in over 60+ categories.,2020,Bengaluru
quintype technologies,Tech,series a,325000.0,"Building a suite of digital publishing solutions to simplify content creation, distribution",2020,Bengaluru
dunzo,Tech,series e,28000000.0,Order online and get free delivery from your nearby restaurants,2020,Bengaluru
entropik,AI Platform,series a,8000000.0,Gain insights into human emotions with AI-powered platform affect lab.,2020,Bengaluru
livspace,Home Design,series d,9000000.0,Interior design marketplace that connects interior designers,2020,Bengaluru
ultraviolette automotive,Automation,series b,410000.0,Industries Automotive Electric Vehicle Energy Energy Storage,2020,Bengaluru
winzo,Gaming,series b,18000000.0,WinZO is a mobile e-Sports gaming platform in India. It is available in 10 regional languages of India.,2020,New Delhi
sensehawk,Solar SaaS,series a,5000000.0,SenseHawk is a SaaS platform that helps improve processes and saves cost in the development,2020,Bengaluru
railofy,WL & RAC protection,seed,900000.0,Enables waitlisted passengers to reach their destination at the lowest possible price if their ticket is not,2020,Mumbai
eloelo,Social commerce,seed,450000.0,"Social Commerce Venture for Wellness. View company info, jobs, team members, culture, funding and more.",2020,Bengaluru
aibono,AgriTech,pre series a,2000000.0,A next dimension food & farming platform that unites two ends of the food chain from growing to consuming,2020,Bengaluru
buildpan,SaaS,seed,500000.0,"Buildpan helps you with continuous build, development and user feedback for iOS and Android development.",2020,Indore
homelane,Home interior services,bridge,8000000.0,Explore 1000's of fully customizable home interior designs.,2020,Bengaluru
myglamm,Fashion,series b,1000000.0,Buy Makeup kit & Cosmetics Products from international makeup brand,2020,Mumbai
aviom,Finance,debt financing,682000.0,A social impact focused housing finance company catering to housing needs of customers in semi urban areas,2020,New Delhi
flinto,EdTech Startup,pre series b,7000000.0,Flintobox is an India-based company that produces educational activity boxes for children,2020,Chennai
waycool,Agritech startup,series c,5060000.0,WayCool is a social enterprise positively impacting the lives of India's farmers,2020,Chennai
yap,API platform,series a,4050000.0,Create your own stream of Neo-banking and Deposit products using our bank-grade APIs,2020,Chennai
big bang boom solutions,Deep Tech,series a,1050000.0,It aims to co-create intellectual property that can reside within the borders of the country.,2020,Chennai
guvi,EdTech Startup,series a,800000.0,Operates vernacular-language based education tech startup,2020,Chennai
blusmart,Electricity,pre series a,7000000.0,"BluSmart, an all-electric ride-hailing platform",2020,Gurugram
cell propulsion,Automotive company,pre series a,,Designs and develops electric power drives and autonomous electric mobility solutions,2020,Bengaluru
mpl,Entertainment,series b,50000000.0,Mobile Premier League (also known as MPL) is the mobile e-Sports platform,2020,Bengaluru
spoonshot,FMCG,seed,1000000.0,A food science company using AI to predict consumer taste and food trends,2020,Bengaluru
pulse,Fintech,pre series a,750000.0,Helps people navigate through and profit off financial markets,2020,Mumbai
groww,Fintech,series c,30000000.0,Leading Investment and Trading Platform,2020,Bengaluru
i3 systems,Insurance Tech,pre series a,1050000.0,Transforming India's health insurance industry with its digital solutions and AI products for automation,2020,Mumbai
soal,Edtech,series a,1000000.0,"A skill-tank nurturing students into disruptive, tech-empowered creators and future leaders",2020,Mumbai
ockypocky,Edtech,seed,400000.0,Ockypocky helps kids in learning spoken english,2020,Gurugram
hippo video,Video personalization,series a,4000000.0,Helps enterprise businesses achieve their marketing and sales goals through seamless video,2020,New York
hasura,Software Company,series b,25000000.0,"Builds developer tooling products, including open source tools, backend",2020,San Francisco
qapita,Fintech,seed,1080000.0,Qapita provides digital equity management tools for private companies and startups.,2020,Singapore
sunday,Fintech,pre series b,9000000.0,An end-to-end insurance products and services provider that uses AI to offer personalized packages.,2020,Bangkok
gamezop,Gaming,series a,4300000.0,A multi-game platform,2020,Gurugram
phoolco,Biomaterial startup,pre series a,1400000.0,They use flowers from temples across India's and create useful products such as rose incense cone,2020,Kanpur
chiratae ventures,Venture capital,seed,,A leading tech venture capital fund focused on enabling entrepreneurs in India.,2020,Bengaluru
medlife,Health,,6800000.0,"An India online platform, which provides pharmacy, diagnostics, and e-consultation in India.",2020,Bengaluru
idfy,IT,series a,2110000.0,IDfy provides risk and fraud solutions,2020,Mumbai
true balance,Finance,series c,,Earn money by meeting financial needs of your friends and neighbors.,2020,Gurugram
bira91,Craft Beer,,764000.0,A craft beer brand manufactured by B9 Beverages Pvt. Ltd.,2020,New Delhi
max wholesale,E-commerce,,603000.0,MaxWholesale is an online distributor that provides authentic FMCG goods,2020,New Delhi
craftsvilla,E-commerce,,409000.0,"Sells ethnic apparel, footwear, fashion accessories, beauty products, handcrafted home accessories",2020,Mumbai
mechmocha,Entertainment,series a,292000.0,India's first vernacular social gaming platform,2020,Bengaluru
mindhouse,Healthtech,,286000.0,A gym to train your mind offering workouts and programmes,2020,Gurugram
deepsync,AI startup,,136000.0,"A revolutionary way to record your content, without you really speaking",2020,Chandigarh
eruditus,Education,,,Bring world-class business and professional education to a global audience,2020,Mumbai
gradeup,Education,,546000.0,"India's largest exam preparation destination,",2020,Noida
tracxn,Investment,series b,887000.0,Tracxn is the research partner for Venture Capitalist,2020,Bengaluru
purple style labs,Fashion,,43000.0,Shopping experience and foster the growth of Indian brands and designers.,2020,Mumbai
prophysio,Health,,40900.0,The largest provider of physiotherapy and rehabilitation services,2020,Bengaluru
flickstree,Tech,,40900.0,World's largest video publisher,2020,Mumbai
settl,TravelTech,,,Get affordable AC bus-rides everyday,2020,Gurugram
fanspole,Entertainment,pre seed,,India's only social fantasy gaming platform,2020,Thane
sarva,Healthcare,,,A wellness ecosystem built on the authentic foundations of Yoga,2020,Mumbai
univai,Edtech,,,"A distributed, global educational powerhouse that draws on technology",2020,Bengaluru
purohitji,Linguistic Spiritual,,,App for Hindu Puja Products & Services,2020,Bengaluru
credolab,Tech,series a,7000000.0,AI credit scoring platform,2020,Singapore
brickbolt,Construction,series a,2200000.0,"A construction company doing house construction, building construction, commercial construction",2020,Bengaluru
grinntech,Battery manufacturer,,2000000.0,Leading on all fronts of battery design,2020,Chennai
6degree,Fashion,,340000.0,India's leading fashion business platform,2020,Mumbai
exprs,Nano Distribution Network,,5660000.0,"Nano Distribution Centres, enabling seamless connectivity of businesses & Consumers.",2020,
bikayi,E-commerce,seed,2000000.0,Provides free whatsapp integrated E-Commerce Store,2020,Hyderabad
virtual forest,Tech,,,Tracking seasonal change in virtual forest,2020,Bengaluru
the health company,AI health,,350000.0,Organic superfoods & free personal health coaching that actually work.,2020,Gurugram
trulymadly matchmakers,Dating app,pre series a,110000.0,One of the best dating Apps in India connecting singles across the country.,2020,Gurugram
truefan,Media,seed,4300000.0,Enables users to play quizzes around celebrities and winners get a personalised video message from stars.,2020,Mumbai
fanspole,Gaming,pre seed,,A free app that users can use to create contests and play,2020,Mumbai
byjus,Edtech,,122000000.0,Provides online learning classes,2020,Bengaluru
avail finance,Fintech,series b,11635000.0,Instant online loan app,2020,Bengaluru
the money club,AI,,,AI based chit fund cashier app,2020,Delhi
virohan,Healthcare/Edtech,series a,2800000.0,Healthcare training company,2020,Gurugram
onecode,Social Commerce,seed,,Connects new-age digital first brands with relevant sellers,2020,Gurugram
verloopio,AI,,5000000.0,Helps automate customer service using Artificial Intelligence,2020,
otipy,Agritech/Commerce,pre series a,1000000.0,Connects consumers with farmers thorugh women resellers,2020,
evage,Mobility tech,,,Develop emissions-free electric commercial vehicles,2020,Chandigarh
lead school,Edtech,series c,28000000.0,Offers an integrated system for schools by helping them digitize the entire curriculum,2020,Mumbai
trell,Social e-commerce,series a,11000000.0,Allows users to share their travel experiences,2020,Bengaluru
captain fresh,Food & Logistics,pre series a,2300000.0,Sea food Supply chain,2020,Bengaluru
teachmint,Edtech,,,Empowers tutors with tools to deliver effective learning outcomes for students and parents,2020,Bengaluru
pixxel,SpaceTech,seed,5000000.0,Indian Earth observation startup,2020,Bengaluru
habbit health,Nutrition Tech,pre seed,,Applies modern science for healthier life through proprietary foods & digital ecosystem,2020,Delhi
smarterbiz,Tech,pre series a,1065000.0,An end-to-end CX platform enabled with the gig workforce,2020,Bengaluru
able jobs,HR,,2000000.0,Provides end to end hiring support to companies,2020,Bengaluru
vieroots,Healthtech,,,Personalised lifestyle management using epigenetic science,2020,Kochi
stack finance,Fintech,seed,,"It automates invesments, expenses, borrowing under a single platform",2020,Bengaluru
fpl technologies,Fintech,series a,10000000.0,OneScore app is built by FPL - Free credit scoring and monitoring,2020,Pune
masai school,Edtech,series a,2500000.0,It trains tech aspirants in full stack wed and android development,2020,Bengaluru
mitron,Media,series a,5000000.0,Short Video and Social Platform,2020,Bengaluru
daalchini,IoT,pre series a,669000.0,Physical and Digital vending machines startup,2020,
suno india,Media,angel,,Multilingual podcast platform,2020,
lendingkart,Fintech,series d,16076000.0,Provides working capital loans and business loans to MSMEs,2020,Ahmedabad
text mercato,nan,series a,649600.0,Cataloguing startup that serves ecommerce platforms,2020,Bengaluru
eden smart homes,IoT,,,Develops smart home automation systems,2020,
grayquest,Edtech,pre series a,1000000.0,Enables parents to pay their annual education fees in up to 12 monthly installments,2020,Mumbai
bighaat,Agritech,pre series a,2000000.0,Agri-inputs ecommerce player,2020,Bengaluru
citycash,Fintech,seed,1000000.0,Focusses on creating a transit led micro-payments ecosystem,2020,Mumbai
homelane,Interior design,series d,1000000.0,Provides interior designing solutions,2020,Chennai
hungerbox,Foodtech,series c,6700000.0,"Offers B2B tech platform to corporates, aimed at improving the operations of their cafeterias",2020,Bengaluru
daveai,AI,,,Sales augmentation platform with a vision to democratise AI for enterprises,2020,Bengaluru
eduvanz,Fintech,series a,5000000.0,Digital finance NBFC that provides affordable education loans,2020,Mumbai
ziploan,Fintech,,2000000.0,Provides loans to MSMEs,2020,Delhi
docsumo,AI,seed,220000.0,Platform helps to automate and analyse financial data,2020,Mumbai
cusmat,AR/VR,,,It builds high immersion training systems for enterprises,2020,Warangal
chingari,Media,seed,1300000.0,Short video platform,2020,Bengaluru
bolo indya,Media,pre series a,300000.0,User-generated content platform,2020,Gurugram
data sutram,AI,,266500.0,Platform gathers intel from external data to provide location-based data intelligence.,2020,Kolkata
wobot intelligence,AI,pre series a,2500000.0,AI backed video analytics platform,2020,Delhi
drinkprime,Appliance,pre series a,2879000.0,Subscription-based Water purifier startup,2020,Bengaluru
infeedo,HR tech,,700000.0,An employee engagement HR analytics platform,2020,Gurugram
probus smart things,IoT,seed,,Platform for monitoring distribution sub-station performance and operations,2020,Delhi
crowdpouch,Tech,angel,,A reward-based fundraising and preselling platform,2020,Bengaluru
rebel foods,Food tech,series e,26500000.0,Cloud kitchen platform,2020,Mumbai
hevo,Tech,series a,8000000.0,Data pipeline startup,2020,Bengaluru
bigspoon foods,Foodtech,pre series a,2000000.0,Cloud kitchen startup,2020,Ahmedabad
chingari,Media,seed,1000000.0,Homegrown short video platform,2020,Bengaluru
sharechat,Media,,351000.0,Indian social network platform,2020,Bengaluru
datstop,Hospitality,,,It offers urban social space,2020,Delhi
iphm services,Mental Health,seed,,It helps design programs and workshops for the psychological well-being of individuals,2020,Mumbai
wellcure,Healthtech,,200000.0,It caters to all health and wellness needs,2020,Gurugram
vilcart,Ecommerce,bridge,,"Retail industry in rural India through technology, supply chain, and logistics facilities.",2020,Bengaluru
firescore,Gaming,,500000.0,Game development studio,2020,Mumbai
bulbul,Social commerce,,8700000.0,A video and livestream led commerce platform that makes online shopping engaging,2020,Gurugram
toppr,Edtech,series d,46761000.0,It provides AI-based after school learning app for K12,2020,Mumbai
pickright technologies,Fintech,seed,175000.0,Marketplace for stock market investors and advisors,2020,Bengaluru
muse wearables,Tech,,3000000.0,It sells the world’s first payment-enabled hybrid smartwatches,2020,Chennai
satya microcapital,Fintech,,10.0,Microfinance company that offers collateral-free credit to micro enterprises,2020,Delhi
wyn studio,Media,seed,,It creates video content and podcasts,2020,Gurugram
fourth partner energy,Solar Solution,,15000000.0,Largest startup in the distributed solar sector,2020,Bengaluru
entri,Edtech,pre series a,1700000.0,Local language learning startup,2020,Kochi
snack amor,Foodtech,,,Healthy snack startup,2020,Mumbai
mpowered,SaaS,pre series a,21000000.0,Asset Management Solutions,2020,Gurugram
leap club,Social e-commerce,,,Community led professional network for women,2020,Gurugram
ather energy,Automobile,series c,11241000.0,Electric scooter manufacturer,2020,Bengaluru
gigforce,HR tech,,804000.0,Provides staffing solutions for businesses,2020,Bengaluru
vegrow,Agritech,seed,2500000.0,It is building an asset-light farm by partnering with small farms on a profit-sharing model,2020,Bengaluru
finn,Fintech,pre series a,,Neobanking startup that digitises all banking transactions,2020,Bengaluru
bijnis,B2B marketplace,series a,10000000.0,Provides a platform for manufacturers and retailers in digital transaction,2020,
inurture,Edtech,,1340000.0,"It provides a conducive and healthy teaching, learning environment",2020,Bengaluru
styledotme,Fashion Tech,pre series a,467000.0,"mirrAR, helps jewellers sell jewellery with no physical inventory",2020,Gurugram
ripsey,Nutrition tech,,133000.0,It plans meals in consultation from fitness experts and nutritionists and prepares them in-house,2020,Mumbai
thrivefnc,Health & Wellness,seed,,Focusses on reversing chronic lifestyle disorders through functional nutrition.,2020,Pune
vedantu,Edtech,series d,100000000.0,Onine learning platform,2020,Bengaluru
magicpin,nan,series d,7000000.0,"It is a local discovery, rewards, and commerce platform",2020,Gurugram
procol,Agritech,,3823000.0,Commodity procurement platform,2020,Delhi
yumlane,Cloud Kitchen,pre series a,1000000.0,Online retailer that offers a range of on-the-go hot snacking and meals,2020,Mumbai
crio,Edtech,,934000.0,A learning platform for developers,2020,Bengaluru
openapp,IoT,,500000.0,Security solutions startup,2020,Bengaluru
pumpumpum,IoT/Automobile,,293000.0,Offers leased car services,2020,Gurugram
ufony services pvt ltd,Edtech,,,"School Diary, a platform that brings education to smartphones",2020,Pune
protinus fashion networking pvt ltd,Fashion,pre series a,,Owns and operates fashion commerce and retail management platform 6Degree,2020,Mumbai
uable,Edtech,seed,,Online life skills development platform for children,2020,Bengaluru
parksmart,IoT,,198000.0,Parking spot reservation platform,2020,Delhi
plum,Healthtech,seed,927000.0,Provides health benefits to corporates,2020,Bengaluru
incnut digital,Ecommerce,series a,4000000.0,Owns and Operates two women-centric digital media platforms -- Stylecraze.com and Momjunction.com,2020,Hyderabad
gigindia,Tech,pre series a,971000.0,Marketplace that provides on-demand work completion for companies through workforce of jobseekers,2020,Pune
specsmaker,Eye Wear,,3060000.0,Online optical chain for eye wears,2020,Chennai
piggy ride,SaaS,pre series a,1862000.0,"Offers parents and kids, a platform to browse and book extracurricular interest-based activities",2020,Bengaluru
chai waale,Beverage,,232000.0,Tea Brand,2020,Chennai
noto,Food,pre seed,,A brand that makes healthy icecream,2020,Mumbai
cuemath,Edtech,series b,2888000.0,It helps students to learn math online,2020,Bengaluru
cars24,Automobile,,1328000.0,Online platform for selling used cars,2020,Gurugram
jetsynthesys,Digital tech,,40000000.0,Digital entertainment and technology company,2020,Pune
earth energy ev,Automobile,seed,,Electric vehicles startup,2020,Mumbai
green cure,Health & Wellness,,,It sells herbal OTC products,2020,Delhi
blue sky analytics,Data Intelligence,seed,1200000.0,"It is building AI-powered infrastructure to analyse air quality, pollution etc",2020,Gurugram
edhusk,Edtech,,,Provieds personalised learning to students by leveraging technology-driven models,2020,Jaipur
decentro,Fintech,series a,15500000.0,Automated API-based platform that enables financial integrations.,2020,Bengaluru
zolostays,Co-living,series c,56000000.0,It offers affordable housing apartments to young professionals and students,2020,Bengaluru
frontier markets,Ecommerce,pre series a,2250000.0,Women entreprenuers sells products and services to rural India,2020,Jaipur
aye finance,Fintech,series e,16753000.0,A finance lender to SMEs,2020,Gurugram
paper boat,Food & Beverages,,3700000.0,Ecommerce platform for beverages and snacks,2020,Gurugram
ken42,Edtech,,1470000.0,A platform that caters to evolving needs of institutions,2020,Bengaluru
forbidden foods,Food,seed,1000000.0,Packaged snacks company,2020,Delhi
universal sportsbiz,Fashion,,530000.0,Indian fashion industry with on-trend products,2020,Bengaluru
gobbly,Retail Tech,seed,500000.0,A contactless retail store filled with fruits and veggies,2020,Gurugram
aerostrovilos,Automotive,,,Manufactures micro gas turbines for power-based application,2020,Chennai
mitron,Media,seed,267000.0,Short Video and Social Platform,2020,Bengaluru
bulk mro,B2B,,3344000.0,A full stack B2B platform for industrial supplies,2020,Mumbai
inspektlabs,AI,pre series a,600000.0,Focuses on building computer vision products for physical asset inspections,2020,Delhi
big bang boom solutions,Defense tech,series a,1000000.0,It developed integrated intellectual properties for defense,2020,Chennai
flinto,Edtech,pre series b,7200000.0,It is an educational subscription-box focussed at activity-based learning for the ages 2-12,2020,Chennai
zetwerk,Marketplace,series c,21000000.0,B2B marketplace that connects manufacturing companies for industrial equipements,2020,Bengaluru
chitmonks,Fintech,pre series a,650000.0,Offers enterprise private platform for chit fund firms,2020,Hyderabad
walrus,Fintech,pre seed,,It provides banking solutions for teens and young adults,2020,Bengaluru
arth designbuild,Construction tech,,1100000.0,Construction technology and solutions provider,2020,Hyderabad
godutch,Fintech,seed,1700000.0,Group Payments platform,2020,Mumbai
rusk media,Digital Media,seed,,It creates video content,2020,Delhi
bold care,Health & Wellness,pre seed,,Digital platform that offers sexologist consultations for  men,2020,Mumbai
samosa party,Food,,,Provides quality Indian Snacks,2020,Bengaluru
high street essentials,Ecommerce,pre series c,2743000.0,The parent company of women's fashion brands FabAlley and Indya,2020,New Delhi
byjus,Edtech,,,Provides online learning classes,2020,Bengaluru
slice,Fintech,pre series b,6082000.0,A financial platform for youngsters,2020,Bengaluru
bombay play,Gaming,pre series a,1500000.0,It designs and creates online multiplayer games,2020,Bengaluru
fullife,Healthtech,,6609000.0,It sells sports nutrition supplements through a brand called Fast&Up,2020,Mumbai
oziva,Nutrition,series a,5000000.0,Clean Label Active Nutrition Brand,2020,
aye finance,Fintech,series e,27700000.0,A finance lender to SMEs,2020,Gurugram
aether biomedical,Medtech,seed,,"Medical robotics startup, focussed on developing rehabilitation devices",2020,Delhi
91springboard,Coworking,,5940000.0,It offers collaborative workspace with varied amenities,2020,Delhi
yulu,Micro-mobiity,,3964000.0,The electric and scooter rental startup,2020,
milkbasket,Logistics,,5500000.0,Hyperlocal delivery service startup,2020,Gurugram
mergerdomo,Marketplace,,197000.0,Global online corporate deal sourcing and consulting marketplace,2020,Noida
gomechanic,Auto-tech,series b,,Find automobile repair and maintenance service providers,2020,Delhi
myglamm,Beauty,,4327000.0,On-demand beauty services provider,2020,Mumbai
drishti technologies,AI,series b,25000000.0,"AI-based video analytics, data, and insights bring benefits to manufacturers",2020,Bengaluru
instasolv,Edtech,pre series a,2000000.0,It is a doubt-solving app for students from Class 6 to 12,2020,Noida
goldenpi,Fintech,,459000.0,An online aggregator of bonds and debentures available in the secondary market,2020,Bengaluru
peppermint,Robotics,seed,,Industrial robotics startup,2020,
sarva,Yoga & wellness,,,It drives a cultural change in making yoga-based wellness a part of modern lifestyle,2020,Mumbai
jai kisan,Fintech,pre series a,3937000.0,A platform that caters the need of customers in rural areas,2020,Mumbai
agro2o,Agritech,,,It develops products focused on making hydroponics-based farming,2020,New Delhi
letstransport,Logitech,,1313500.0,Offers techno logistics solutions,2020,Bengaluru
gabbardeals,Ecommerce,,,Online-to-Offline platforms for mobile phones & accessories,2020,Pune
crimson healthcare,Med Tech,,229800.0,It innovates cutting edge solutions for various problems in the healthcare system,2020,Delhi
biomoneta,Life sciences,seed,,It develops germicidal technologies,2020,Bengaluru
edvizo,Edtech,seed,150000.0,"Online marketplace to search, compare and enrol in the best institutes for competitive exam preparation",2020,Bengaluru
servify,SaaS,series c,11370000.0,Operates device management and support platform,2020,Mumbai
drum food,Food,,5305000.0,It runs yoghurt brand Epigamia,2020,Mumbai
innoviti,SaaS,series c,,Digital payments solutions company,2020,Bengaluru
jiffy ai,AI,series a,18000000.0,Enterprise automation startup,2020,
postman,Tech,series c,150000000.0,API development platform startup,2020,
f5,Retail Aggregator,,,It provides opportunities for its partner vendors to upsell and cross-sell their products.,2020,
waycool,Agritech,series c,5500000.0,Food development and distribution services,2020,Chennai
myelin foundry,Deep Tech AI,,,"It builds AI based algorithms on video, voice and sensor",2020,
ameliorate biotech,Biotech,angel,264000.0,"Their products address the needs in Early Stage Diagnostics, Bio-Similars and Nutraceuticals.",2020,Bengaluru
hapramp,Blockchain,,1000000.0,Startup working on technologies like blockchain and social media,2020,Gurugram
mykaam,HrTech,,,Online job searching and recruiting platform,2020,Bengaluru
healthplix,Healthtech,series b,6000000.0,It provides clinical software for doctors,2020,Bengaluru
yolobus,Mobility/Transport,series a,3300000.0,Intercity bus service startup,2020,Gurugram
inurture education,Edtech,,4000000.0,"It provides a conducive and healthy teaching, learning environment",2020,
pocket52,Gaming,series a,1750000.0,An online poker playing platform,2020,Bengaluru
quaqua,Travel,,1000000.0,Virtual travel guide platform,2020,Hyderabad
crofarm,Agritech,,1000000.0,Supply chain that supports farmers and provides businesses with freshest produce,2020,Delhi
timios,Foodtech,pre series a,,Provides healthy snacks for kids,2020,Bengaluru
wooden street,Ecommerce,series a,3000000.0,It enables to order custom furniture online,2020,Jaipur
bankbazaar,Fintech,series d,5967000.0,Online marketplace that gives customers instant customised offers on loans and credit cards,2020,Chennai
rentmojo,Rental,,2980000.0,"Rental platform for furniture, appliances & electronics",2020,Bengaluru
credgencies,AI & Debt,seed,,Tech-enabled platform for resolution of non-performing assets,2020,
knorish,SaaS/Edtech,pre series a,323000.0,All-in-one knowledge commerce SaaS platform,2020,Delhi
letstransport,Logitech,,1326000.0,Offers techno logistics solutions,2020,Bengaluru
vahak,Transport,seed,,It enables logistic companies to conncet with transporters,2020,
nutrova,Nutrition,pre series a,,"Nutraceutical company developing evidence-based nutrition and nutraceutical products,",2020,Mumbai
cube wealth,SaaS,venture series unknown,500000.0,A digital wealth management services,2020,Mumbai
ivf access,Healthtech,series a,5000000.0,It provdes IVF treatments,2020,Bengaluru
hoi foods,Foodtech,pre series a,2000000.0,Quality food solution,2020,Delhi
ola financial services,Fintech,series a,27000000.0,It operates Ola Money,2020,Bengaluru
awifs,Co-working,,5200000.0,Provides office space solutions,2020,Delhi
dunzo,Logistics,,55000000.0,India-based hyperlocal delivery startup,2020,Bengaluru
swiflearn,Edtech,seed,,Learning platform for K-10 students looking for personalised learning,2020,Gurugram
remedo,Healthtech,pre series a,,The platform connects doctors with patients,2020,Delhi
blowhorn,Logistics,,,Tech platform that connects logistics service seekers with mini-truck drivers,2020,Bengaluru
toch,AI,pre series a,1000000.0,"Helps online video creators, media companies, advertisers, and OTT platforms optimise their videos",2020,Mumbai
gram cover,Insurtech,pre series a,,It provides insurance products in rural areas,2020,Noida
coin dcx,Cryptocurrency,,2500000.0,Hybrid crypto exchange platform,2020,Mumbai
homecapital,Fintech,,,Home Down Payment Assistance Program,2020,Mumbai
euler motors,Automotive tech,series a,2530000.0,Startup focusses on electric vehicles,2020,Delhi
riskcovry,Insurtech,pre series a,,Offers various insurance products,2020,Mumbai
nwnt no worry no tension healthcare,Healthtech,pre series a,,Mental healthtech startup,2020,Delhi
voicezen,AI,,,Conversational AI startup,2020,Gurugram
leap club,nan,pre seed,340000.0,Community led professional network for women,2020,Gurugram
credit mantri,Fintech,,792000.0,Offers free credit score and a detailed credit analysis report,2020,Chennai
xtracap,Fintech,,1000000.0,"Offers online payment solution,schemes, order management, insurance etc.,",2020,Gurugram
tring,Media,,,Celebrity engagement platform,2020,Mumbai
vakilsearch,Legal,,,"Online platform for legal, tax and compliance services",2020,Chennai
khatabook,Fintech,series b,60000000.0,It helps SMEs to maintain their accounts and ledger online.,2020,Bengaluru
lendingkart,Fintech,series d,11363000.0,Provides working capital loans and business loans to MSMEs,2020,Ahmedabad
illumnus,Edtech,seed,100000.0,Offers Collaborative learning management system for educational institutions,2020,
letstransport,Logitech,,1715000.0,Offers techno logistics solutions,2020,Bengaluru
winuall,Edtech,,,It helps coaching institutes in digitization,2020,Bengaluru
indian school finance company,Fintech,seed,5271000.0,NBFC that provides funding to education system,2020,Hyderabad
juicy chemistry,nan,series a,650000.0,It focuses on organic based skincare products,2020,
deeptek,Healthtech,,,AI enabled radiology platform,2020,Pune
stepathlon lifestyle,Fitness,,,It organises corporate wellness programs,2020,Mumbai
sindhuja microcredit,Fintech,,8700000.0,It provides financial services to self employed women entrepreneurs,2020,Noida
rentmojo,Rental,,3226000.0,"Rental platform for furniture, appliances & electronics",2020,Bengaluru
intello labs,Supply chain,series a,5900000.0,Standardisation and Quality control of fruits & vegetables,2020,Gurugram
sirionlabs,SaaS,series c,44000000.0,"Provides procurement, outsourcing services & contract management software",2020,Gurugram
magicpin,nan,,3879000.0,"It is a local discovery, rewards, and commerce platform",2020,Gurugram
grocurv,B2B,seed,,"It offers a wide range of business related services like Branding, marketing, sales etc.,",2020,Gurugram
refrens,SaaS,seed,1000000.0,"Offers a free invoicing, payments and expense management system",2020,Bengaluru
shiprocket,Logitech,series c,13000000.0,Tech enabled logistics aggregator,2020,
spyne,AI,pre series a,,Helps online businesses with visual content,2020,Gurugram
nykaa,Ecommerce,,8800000.0,Deals in cosmetic and wellness products,2020,Mumbai
docsapp,Healthtech,,9500000.0,Online doctor consultation app,2020,Bengaluru
phable,Healthtech,pre series a,1000000.0,"It creates an engagement loop between doctors, hospitals, and patients via its app",2020,
generic aadhaar,Pharma,,,It provides a platform for entrepreneurs to access generic  medicine at low cost,2020,
nium,Fintech,,,Open global money platform,2020,
mintoak,Fintech,pre series a,2000000.0,Merchant payment solutions startup,2020,Mumbai
vestspace,Spacetech,,10000000.0,It builds small satellite paltforms,2020,Pune
blackbuck,Logistics,,,Provides trucking services,2020,Bengaluru
vernacular ai,AI,series a,5100000.0,It offers Multiligual AI platform,2020,Bengaluru
clover,Agritech,,920000.0,Provides agricultural solution to farmers working in the greenhouse production of vegetables and fruits,2020,Bengaluru
varthana,Fintech,series d,15000000.0,Offers secured and unsecured loans,2020,Bengaluru
codeninja,SaaS,seed,,AI-powered 'no-code' platform which can generate application development code,2020,Bengaluru
metamerphosys,Insurance technology,pre series a,,Digital insurance platform for businesses,2020,Pune
rooter,Gaming,pre series a,1700000.0,Live sports engagement platform,2020,Delhi
aker foods,Foodtech & Logistics,,,Ai driven supply chain platform,2020,Pune
dailyhunt,Media,,35600000.0,News aggregator,2020,
pratilipi,Media,series c,9400000.0,A digital platform that connects readers and writers in various languages,2020,Bengaluru
biryani by kilo,Food,series b,790000.0,Online paltform to order biryani,2020,Delhi
consure medical,Healthtech,,480000.0,"Novel platform technologies to manage, diagnose, and treat various GI disorders",2020,Delhi
servify,nan,,250000.0,It is a technology company which serves as a platform for brands to offer end-to-end solutions to their users,2020,Mumbai
tessol,Logistics,series a,160000.0,It provides end to end cold chain logistics solutions,2020,Mumbai
remedo,Healthtech,pre series a,,"It helps doctors engage with patients, improve patient experience",2020,Noida
news reach,Media,,,"It is a platform that digitalises local newspaper publishers, reporters, stringers by aggregating their content",2020,Ahmedabad
roomsoom,Housing,,,It provides co-living and student rooms,2020,Noida
pedagogy,Edtech,,400000.0,It has a single subscription model that allows users to access books and digital courses.,2020,
classplus,Edtech,series b,8200000.0,"It provides mobile-first software for coaching institutes, tuition centres and private tutors",2020,Delhi
medlife,Pharmaceutical,,15500000.0,It solves inadequacies in the healthcare delivery system through technology,2020,Bengaluru
qin1,Edtech,,,It is alearning platform for kids in the age group 5 to 14 yrs,2020,Noida
mysun,Tech,pre series a,4257000.0,Platform for rooftop solar energy solutions,2020,Delhi
shopx,Ecommerce,,1410000.0,B2B retail operating system,2020,Bengaluru
sarva,Yoga & wellness,,,It drives a cultural change in making yoga-based wellness a part of modern lifestyle,2020,
expertrons,AI,seed,,AI video bot platform for career hacks,2020,Mumbai
newsbytes,Digital Media,series a,1500000.0,News portal,2020,Gurugram
wagonfly,nan,,500000.0,Contactless shopping and delivery experience by using radio frequency to tag retail items,2020,Bengaluru
nira,Fintech,pre series a,2100000.0,It offers access and credit to working Indians,2020,
convosight,Data Analytics,pre series a,4000000.0,It helps business gain insights from its community on Facebook groups,2020,Hyderabad
fittr,Fitness,,2000000.0,Fitness Social Network & Consultation Platform,2020,Pune
asknbid,Investment Tech,,,It builds algorithmic investing-based tech products,2020,Bengaluru
bira91,Beverage,series c,20000000.0,Craft beer maker,2020,Bengaluru
finaureus technologies,Fintech,pre series a,,Provides investment management solutions,2020,Pune
guvi geek network pvt ltd,Edtech,pre series a,786000.0,Operates vernacular-language based education,2020,Chennai
loadshare,Logistics,series b,2004000.0,Provides technology based solutions to SMEs in logistics,2020,Bengaluru
vedantu,Edtech,series c,6800000.0,Onine learning platform,2020,Bengaluru
indusface,IT,,5000000.0,It provides IT security solutions,2020,
dmi group,Financial Services,,123000000.0,Pan-India Credit providing platform,2020,Delhi
credr,Automobile,,,A marketplace to buy and sell used bikes and scooters,2020,Mumbai
bijak,Agritech,series a,12000000.0,"It is a platform that gives agricultural commodity at better prices, increased working capital, and optimised logistics",2020,Gurugram
bugworks,Biopharma,,7500000.0,A drug discovery company that aims to discover novel treatment options for resistant bacterial infections,2020,Bengaluru
drinkprime,nan,seed,,Water purifier subscription service,2020,Bengaluru
yap,Fintech,series a,4500000.0,Banking and payment products-focused API platform,2020,Chennai
tattva,Beauty & wellness,,150000.0,Sells its organic and beauty products via marketplace,2020,Delhi
pariksha,Edtech,pre series a,,Platform for vernacular test-preparation,2020,Pune
dailyhunt,Media,,24000000.0,News aggregator,2020,
nobroker,Real Estate,,30000000.0,Online real estate rental startup,2020,Bengaluru
box8,Foodtech,,4000000.0,Enables to order food online,2020,Mumbai
capital float,Fintech,,15000000.0,Online platform that provides working capital finance to SMEs,2020,Bengaluru
itilite,Travel & SaaS,series b,13000000.0,Platform for business travel,2020,Bengaluru
morning context,Digital Media,seed,,A subscription-only digital media publisher,2020,
aavenir,SaaS,seed,2000000.0,Source-to-Pay Software,2020,Ahmedabad
savvy co op,Healthcare,,,It connects patients with healthcare companies,2020,
blive,Tourism & EV,pre series a,,"It offers experiential, guided tours on smart electric bikes",2020,
yellow messenger,AI,series b,20000000.0,It offers conversational chatbots,2020,Bengaluru
toch,Media Tech,,400000.0,AI based Video object detection and Tagging platform,2020,
ewar,Gaming,,200000.0,E-sports and real-time gaming startup,2020,Bengaluru
setu,Fintech,series a,14259000.0,"Offers open APIs across four categories: bills, savings, credit, and payments.",2020,
wellthy therapeutics,Healthtech,pre series a,4000000.0,It offers a digital therapeutics service,2020,Bengaluru
power gummies,Health,,,Offers health supplements related gummies,2020,Delhi
locale ai,Location Analytics,,,It helps companies with moving assets  increase revenues and demand using real time location data and analytics,2020,Bengaluru
fareye,Logistics,series d,24500000.0,"It enables businesses to execute, track, predict and oprimize the movements of goods",2020,Delhi
rebel foods,Food tech,,50000000.0,It runs internet kitchen,2020,
bankbazaar,Fintech,series d,3800000.0,Online marketplace that gives customers instant customised offers on loans and credit cards,2020,Chennai
porter,Logistics,series d,18370000.0,Logistics and fleet management,2020,Mumbai
sugarbox,Tech,,68525000.0,Hyperlocal data distribution platform,2020,Mumbai
capital float,Fintech,series f,4800000.0,Online platform that provides working capital finance to SMEs,2020,Bengaluru
big basket,E store,,60000000.0,Online grocery store,2020,Bengaluru
amica,Fintech,,2000000.0,Neobanking startup,2020,
vedantu,Edtech,series c,12500000.0,Onine learning platform,2020,Bengaluru
fingerlix,Food,,1834000.0,"It provides ready-to-cook products such as batters, mixes, curries, dals, parathas etc.,",2020,
plop,Tech,angel,,It Provides an interactive fiction entertainment platform to entertain & educate Gen Z & Millennials in a language they understand,2020,Mumbai
zupee,Gaming,series a,8000000.0,It runs live quiz tournaments on its app.,2020,
dehaat,Agritech,series a,12000000.0,Online marketplace for farming services and products,2020,
lido learning,Edtech,series b,7500000.0,Online teaching service,2020,Mumbai
aye finance,Fintech,,23850000.0,A finance lender to SMEs,2020,Gurugram
swiggy,Foodtech,series a,43000000.0,Platform to order food online from restaurants and getting it delievered,2020,Bengaluru
akna medical,Healthtech,,7000000.0,Provides supply solutions for surgical and pharmaceutical products.,2020,
zomato,Foodtech,,5000000.0,Online food delivery and restaurant discovery platform,2020,Gurugram
rara delivery,Logistics,seed,800000.0,Provides same day delivery service for ecommerce businesses,2020,
juspay,Fintech,series b,21600000.0,Online payment solutions,2020,Bengaluru
obviously ai,Data Science,,,It provides predictive insights to clients by leveraging their data,2020,
fingpay,Fintech,series a,3500000.0,Provides payment solutions,2020,Mumbai
recko,SaaS,series a,6000000.0,The platform enables AI-powered reconciliation of digital transactions,2020,Bengaluru
furlenco,Ecommerce,,10000000.0,Furniture rental startup,2020,Bengaluru
mera cashier,Fintech,,150000.0,App meant for small and micro businessmen to manage their transactions digitally,2020,Noida
kitchens centre,nan,seed,500000.0,Offers solutions to cloud kitchens by providing commercial space and kitchen infrastructure to assisting with branding and other services,2020,Delhi
camp k12,Edtech,seed,4000000.0,It connects students with tutors online,2020,Gurugram
medgenome,Healthtech,series d,55000000.0,Genetic diagnostic testing company,2020,Bengaluru
ergos,Agritech,,4598000.0,It enables farmers to digitise their foodgrain and also provide access to supply chain solutions,2020,Bengaluru
nykaa,Ecommerce,,13137000.0,Deals in cosmetic and wellness products,2020,Mumbai
samadhan,Insurance,seed,,They help find solutions to insurance related issues,2020,Delhi
sascan,Healthcare,,,Cancer diagnostics startup,2020,Bengaluru
lido learning,Edtech,,3000000.0,Online teaching service,2020,Mumbai
curefit,Health and Fitness,series d,115000000.0,"Integrated platform for food, fitness and meditation.",2020,Bengaluru
nimesa,SaaS,,,Cloud data managemnt solutions enterprise,2020,Bengaluru
design x,IoT,seed,200000.0,Builds IoT based products,2020,Noida
driftly electric,Automobile,,,Electric vehicle startup,2020,Bengaluru
imstrong,Fitness,seed,400000.0,It is an online and live video-streaming platform that allows trainers and fitness enthusiasts to connect and engage in interactive online classes.,2020,Bengaluru
craftsvilla,Marketplace,,3900000.0,Online marketplace for ethnic wear,2020,Mumbai
rupifi,Fintech,pre seed,,Offers financial products for SMEs,2020,Bengaluru
snackamor,Food,seed,,It offers various healthy snacks,2020,Mumbai
zealthy,Healthtech,seed,,"It connects women to healthproviders for specialities like infertility, maternity etc.,",2020,Bengaluru
coindcx,Fintech,series a,3000000.0,A cryptocurrency trading platform,2020,
nunu tv,Media,,670000.0,Kids-focussed Youtube channel,2020,
qtalk,Technology,seed,1600000.0,Smart Phone Dialer,2020,Bengaluru
shadez,Interior & decor,seed,100000.0,Paint Company,2020,Mumbai
excess2sell,Ecommerce,,1000000.0,B2B Marketplace for Overstock & Surplus Inventory,2020,Mumbai
stanplus,Healthtech,pre series a,1500000.0,Ambulance service,2020,Hyderabad
pitstop,Automobile,series a,2500000.0,Doorstep car service,2020,Bengaluru
univariety,Edtech,,1100000.0,Online marketplace that provides career counselling and college guidance,2020,Hyderabad
peel works,SaaS,series c,42.0,E-commerce for corner/retail stores.,2020,Mumbai
corestack,Technology,series a,8500000.0,Enterprise cloud governance technology startup,2020,Chennai
vivriti capital,Fintech,series b,50000000.0,Digital lending startup,2020,Chennai
agnikul,Spacetech,pre series a,3148000.0,"It designs, fabricates, tests and launch orbital class launch vehicles",2020,Chennai
fintso,Fintech,,2600000.0,Wealth management platform,2020,
khatabook,Fintech,,,It helps SMEs to maintain their accounts and ledger online.,2020,Bengaluru
smart coin,Fintech,series a,7000000.0,Consumer lending startup,2020,
zunroof,Cleantech,series a,3000000.0,"It specialises in solar rooftop design, installation, and management using technology",2020,Gurugram
shop101,Social e-commerce,series c,3900000.0,Enables entrepreneurs to sell online,2020,
om bhakti,FMCG,seed,,A puja cotton-wicks manufacturing startup,2020,Bengaluru
lal10,B2B,,1100000.0,It helps Indian artisans and SMEs reach out to global retailers,2020,Uttar Pradesh
anaxee digital runner,Tech,,,A tech-enabled ID verification and data collection startup,2020,Indore
collegekhabri,Edtech,,,Platform is an end-to-end college and career counselling platform for students,2020,Bhopal
ola electric,eMobility,,1000000.0,Electric vehicle,2020,Bengaluru
multi living,Real Estate,,6000000.0,"It curates apartments from the homeowners, performs the quality check and offers the homes with built-in services to the potential tenants",2020,Mumbai
fampay,Fintech,seed,4700000.0,"It allows parents to send money to their kids below the age of 18, which they can spend securely under parent supervision.",2020,Bengaluru
unboxrobotics labs,Automation tech,seed,500000.0,Automated flexible parcel sorting solutions for logistics providers,2020,Bengaluru
karbon card,Fintech,seed,2000000.0,Specialisde corporate cards for startups,2020,Bengaluru
airmeet,Media & Networking,,3000000.0,"A platform to host, discover, and attend fully remote events like conferences and professional meet-ups",2020,Bengaluru
innerchef,Foodtech,,1000000.0,Cloud kitchen platform,2020,Gurugram
epigamia,FMCG,series c,2558000.0,Flavoured and greek yoghurt brand,2020,Mumbai
stylenook,Ecommerce,,,Marketplace for fashionable apparel,2020,Mumbai
callido learning,Edtech,,,Provides a structured educational approach to critical thinking and problem solving skills,2020,Mumbai
soxytoes,Ecommerce,,,Online store to buy various types of socks including funky and colorful socks,2020,Delhi
f5,E-market,seed,,Retail Aggregator,2020,Delhi
paper boat,Food & Beverages,,4049500.0,Ecommerce platform for beverages and snacks,2020,Bengaluru
strata,Proptech,seed,1500000.0,Real estate investment platform,2020,Bengaluru
salesken,AI & Data science,series a,8000000.0,Provides sales professionals with intelligence on various aspects of the sales pitch,2020,Bengaluru
arya,Agritech,series b,6000000.0,Provides post-harvest services across the agricultural value chain,2020,Noida
leap finance,Fintech,,5500000.0,Provides education loans to students based on the student’s future income,2020,Bengaluru
sleepy owl,Beverages,,,"It sells ready to drink cold brew coffees, brew boxes and packs.",2020,Delhi
tricog,Healthtech,series b,10500000.0,Provides virtual cardiology services through its AI-powered healthcare platforms,2020,Bengaluru
gogobus,Travel tech,,,Inter-City Mobility Startup,2020,Delhi
trell,Social e-commerce,pre series a,4000000.0,Allows users to share their travel experiences,2020,Bengaluru
spaciya consultants,Real Estate,pre series a,500000.0,Real estate consultancy firms,2020,Noida
bounce,Automotive and Rentals,,6500000.0,Offers a variety of bikes and scooters that can be rented on a subscription basis,2020,Bengaluru
neeman,Ecommerce,pre series a,1000000.0,An eco-conscious footwear brand making comfortable shoes using Merino Wool,2020,
chqbook,Fintech,series a,5000000.0,"Marketplace for small business owners, offering them products around lending, credit cards etc",2020,Gurugram
smecorner,Fintech,series b,30000000.0,Financial lending firm to SMEs,2020,Mumbai
oda class,Edtech,pre series a,,"It offers content and material via video, adopting a dual-teacher model with IIT and NIT alumni",2020,Bengaluru
gostops,Accomodation,,,A premium chain of youth hostels catering to the millennials,2020,Delhi
vogo,Automotive,series c,20000000.0,A scooter-sharing platform allowing users to rent a two-wheeler from specific designated pick up points,2020,Bengaluru
flick stree,AI & Media,series a,3000000.0,Artificial intelligence-based video publishing network,2020,Mumbai
qure ai,Healthtech,,16000000.0,Provides interpretations of radiology scans,2020,Mumbai
minionlabs,Machine Learning,,,It leverages a Machine Learning-based approach to generate a comprehensive report on predictive analytics,2020,Bengaluru
phoneparloan,Fintech,,,Provides easy loans,2020,Delhi
railyatri,Travel,,13800000.0,A complete Indian railways app,2020,Noida
ajnalens,Deeptech,pre series a,1500000.0,"It leverages technologies such as AR, VR & AI to offer hardware in areas such as education and defence",2020,Thane
pepper,Content Marktplace,seed,306900.0,End to end content creation platform,2020,Mumbai
rupeek,Fintech,,30000000.0,An asset backed online lending platform,2020,Bengaluru
imerit,IT,series b,20000000.0,Turns information into data that is usable for machine learning processes,2020,Kolkata
bharatpe,Fintech,series c,75000000.0,Digital payments platform,2020,Delhi
invideo,Visual Media,,2500000.0,Video production and editing platform,2020,
avalonmeta,Edtech,,420000.0,It combines higher education and competitive gaming,2020,
near store,Ecommerce,seed,300000.0,Enables a shop to create an online presence,2020,Mumbai
electorq,Automobile,,,Electric vehicle startup,2020,Delhi
prayaan capital,Fintech,seed,1200000.0,"NBFC that lends to micro, small, and medium-sized enterprises (MSMEs)",2020,Chennai
sanfe,Hygiene,pre series a,1100000.0,Women health care and wellness product,2020,Delhi
go desi,Foodtech,seed,627300.0,Provides traditional delicacies,2020,Delhi
swiggy,Foodtech,series a,113000000.0,Platform to order food online from restaurants and getting it delievered,2020,Bengaluru
whatfix,SaaS,series c,32000000.0,"Digital adoption platform that helps companies provide intuitive onboarding, training and support",2020,Bengaluru
unacademy,Edtech,series e,110000000.0,Platform that offers online education in India,2020,Bengaluru
zvesta,Proptech,,5500000.0,An online platform where users can search and buy properties listed by developers and brokers,2020,Gurugram
dunzo,Logistics,,11000000.0,India-based hyperlocal delivery startup,2020,Bengaluru
digit insurance,Insurtech,,340000.0,General Insurance Company,2020,Bengaluru
yolo,Transport,seed,600000.0,Intercity transportation,2020,Gurugram
smartvizx,VR & SaaS,pre series a,1397000.0,It developed India’s first VR-based design communication and collaboration product Trezi,2020,
maxwholesale,Ecommerce,series a,3000000.0,B2B ecommerce platform for kirana stores,2020,Delhi
carbon clean,Cleantech,,16000000.0,Develops affordable carbon capture technology,2020,
onsitego,Sales & Services,series b,19000000.0,It offers post-purchase services through a network of brand authorised service centres throughout the country,2020,
genius corner,Edtech,,250000.0,Framework to enable personalised learning using artificial intelligence (AI) and machine learning (ML).,2020,Noida
planetspark,Edtech,,448500.0,Provides neighbourhood learning zones where children learn and develop 'new-age' skills under one roof,2020,Gurugram
camcom,AI & Deep learning,,,AI automation platform for enterprise quality control,2020,Bengaluru
simsim,Social Commerce,series b,8000000.0,It enables community opinion influencers to sell products to thousands of micro-communities in India,2020,Bengaluru
shuttl,Transport,series c,7975700.0,App based bus aggregator serice,2020,Delhi
hooliv,Housing & Rentals,,,Student Co-living startup,2020,Delhi
classmonitor,Edtech,,,The learning platform that blends curriculum-based activities for children,2020,Indore
friyey,Co-working,,,Co working space startup,2020,Pune
oga,Fitness,,330000.0,Provides interactive fitness experience to people across the world,2020,Bengaluru
big basket,Estore,,3500000.0,Online grocery store,2020,Bengaluru
cyfirma,SaaS,series a,,Offer cybersecurity services,2020,Bengaluru
innoviti,nan,,5000000.0,Digital payments solutions company,2020,Bengaluru
paytm money,Fintech,,5600000.0,Wealth Management,2020,Bengaluru
vedantu,Edtech,series c,24000000.0,Onine learning platform,2020,Bengaluru
yap,Fintech,,1402000.0,Banking and payment products-focused API platform,2020,Chennai
clover,Agritech,series a,5500000.0,Provides agricultural solution to farmers working in the greenhouse production of vegetables and fruits,2020,Bengaluru
nova credit,Fintech,series b,50000000.0,Cross-border consumer credit startup,2020,
codingninjas,Edtech,series a,5200000.0,Online learning platform,2020,Delhi
furlenco,Ecommerce,series c,2200000.0,Furniture rental startup,2020,Bengaluru
brickbolt,nan,pre series a,1500000.0,Operates in the residential construction space,2020,Bengaluru
hempstreet,Healthtech,pre series a,1000000.0,Manufacturer of ayurvedic medicines based on cannabis,2020,
moengage,Marketing,series c,25000000.0,Customer analytics and cross-channel engagement platform,2020,Bengaluru
classplus,Edtech,pre series a,2500000.0,It allows coaching centres to take their brick-and-mortar setup online,2020,
chaayos,Beverages,,21500000.0,Provides customised range of tea,2020,
petpooja,SaaS,,2000000.0,Restaurant management software provider,2020,Ahmedabad
altor,Tech,,,Makes helmets that are IoT and AI enabled,2020,
pepperfry,E-market,series f,40000000.0,Online home furniture marketplace,2020,Mumbai
firstcry,E-market,series e,296000000.0,Baby products marketplace,2020,Pune
byjus,Edtech,,200000000.0,Provides online learning classes,2020,
waycool,Agritech,series c,32000000.0,Food development and distribution services,2020,Chennai
workindia,HR tech,,6000000.0,An online and mobile-based platform that connects companies with blue collar employees.,2020,
qyuki,Media,,3500000.0,Multi-channel broadcast network,2020,Mumbai
leap india,Agritech,series b,30000000.0,Agricultural warehousing and logistics company,2020,Coimbatore
picxy,Media,,250000.0,Stock photo industry,2020,Hyderabad
krimanshi,Agritech,,20000.0,Sustainable system to feed animals by valorizing food residues and surplus into highly nutritious feeds,2020,Jodhpur
neetprep,Edtech,,,Provides crash course for NEET preparation,2020,Delhi
dot pvt ltd,Fintech,seed,8000000.0,It provides digital transformation and commerce solutions to brick and mortar outlets,2020,Gurugram
kuku fm,Media,series a,5500000.0,A podcast platform,2020,Mumbai
supermoney,Fintech,pre series a,1000000.0,Provides financial tools for effective business making,2020,Mumbai
rebel foods,Food tech,,4900000.0,It runs internet kitchen,2020,
alphavector,E tailor,,,It sells modern age bicycles named FROG,2020,Bengaluru
fox capital,Fintech,,2500000.0,Digital lending startup,2020,Jaipur
tribe theory,Accomodation,,3500000.0,An entrepreneur-focused hostel chain present in multiple locations across the world.,2020,Bengaluru
fleetx,SaaS,series a,1402400.0,Fleet management and predictive analytics platform,2020,
embibe,Edtech,,12618300.0,It provides AI-based data analytics to personalise learning outcomes,2020,Mumbai
entri,Edtech,seed,1400000.0,It is a app that provides different types of learning content in local languages,2020,Kochi
oye rickshaw,E-mobility,series a,10000000.0,App-based electric rickshaw hailing service,2020,
seal professional,Edtech,pre series a,,Trains students in managemnt and leadership skills and also helps in placement,2020,Bengaluru
sprinng foods,Food,,,Provides Gluten-free food,2020,Mumbai
1mg,Healthtech,,9900000.0,Online pharmacy,2020,Gurugram
aagey,Fintech,,,Provides financial assistance to MSMEs,2020,Bengaluru
doubtnut,Edtech,series a,15000000.0,Multi-lingual digital solutions platform for students,2020,Gurugram
adonmo,Ad-tech,,3000000.0,It is an online and outdoor advertising company,2020,Bengaluru
racenergy,E-mobility,seed,,It builds electric vehicles and supporting infrastructure,2020,
bharatpe,Fintech,,100000000.0,Digital payments platform,2020,Delhi
kisan network,Agritech,seed,3000000.0,Integrated supply chain for farmers to sell their produce directly to buyers,2020,Gurugram
vogo,Automotive,series c,35000000.0,A scooter-sharing platform allowing users to rent a two-wheeler from specific designated pick up points,2020,Bengaluru
yolo,Transport,seed,600000.0,Intercity transportation startup,2020,Gurugram
unotech,SaaS,,2000000.0,It develops fully-customisable open source software,2020,Mumbai
zetwerk,Marketplace,,2200000.0,B2B marketplace that connects manufacturing companies for industrial equipements,2020,Bengaluru
cureskin,Healthtech,,500000.0,Provides a treatment solution for skincare and hair fall issues with an artificial intelligence-enabled solution,2020,Bengaluru
wizklub,Edtech,seed,982530.0,Helps students solve problems at complex level,2020,Bengaluru
interviewbit,Edtech,series a,200000000.0,Platform that provides coding and interview preparation course by industry professionals from tech companies,2020,Pune
moneytap,Fintech,series b,70185200.0,App-based consumer credit line that gives customers access to credit on tap.,2020,
uniplatform tech,SaaS,,,Runs real estate SaaS platform MultiplyMyLeads.com.,2020,Delhi
indwealth,Fintech,series c,12000000.0,An Artificial Intelligence and Machine learning based wealth management platform,2020,Gurugram
bizongo,Marketplace,series c,30000000.0,A B2B marketplace for packaging materials,2020,Mumbai
appsflyer,SaaS,series d,210000000.0,Mobile marketing analytics and attribution platform,2020,Bengaluru
digit insurance,Insurtech,,84000000.0,General Insurance Company,2020,Bengaluru
livspace,Interior Design,series d,60000000.0,It offers end-to-end home design experience for homeowners and home designers,2020,Bengaluru
getvantage,Fintech,seed,,Revenue based finance provider,2020,Mumbai
konfinity,Edtech,,,Provides online coding courses,2020,Noida
pine labs,Fintech,,,Retail payment and hardware company,2020,Noida
instoried,SaaS,,,Augmented writing platform which improves customer interest and engagement.,2020,Delhi
loginext,Transport Automation,series b,39000000.0,"It helps logistics companies to improve internal operations, optimise delivery networks and provide customer service",2020,
samosa singh,Food,series a,2700000.0,Offers hygienic Indian Snacks,2020,Bengaluru
crysta,Healthtech,pre series a,1403400.0,Offers diagnostic and screening services with regular counselling and clinical data management,2020,Delhi
eupheus learning,Edtech,series a,4300000.0,"Provides technology-led, subscription-based learning solutions to schools",2020,New Delhi
bounce,Automotive and Rentals,series d,105000000.0,Offers a variety of bikes and scooters that can be rented on a subscription basis,2020,Bengaluru
park,Techonology,,11000000.0,It is engaged in bringing digitization in parking,2020,
goodmylk,Dairy,seed,400000.0,Provides Vegan dairy products,2020,Bengaluru
smartkarrot,SaaS,,1000000.0,It tracks customers’ real-time digital behaviour,2020,
skylo,IoT,series b,103000000.0,Provides affordable and ever present network that connects machines or sensors,2020,
zoomcar,Transport & Rentals,series d,30000000.0,A car rental service platform,2020,Bengaluru
mera cashier,Fintech,seed,250000.0,App meant for small and micro businessmen to manage their transactions digitally,2020,Noida
samya ai,SaaS,seed,6000000.0,Revenue growth AI startup in the consumer packed goods (CPG) space,2020,
kristal ai,AI,series a,6000000.0,Provides Algorithm-based financial services,2020,
invento robotics,AI Robotics,seed,281300.0,Known for Mitra Series of Robots,2020,
zimyo,HR tech,,,Automates everyday HR processes with integrated solutions,2020,Gurugram
sabse sasta dukaan,Pharmaceutical,,,Online pharmacy dealing in medicines,2020,Kolkata
fitphilia,Healthtech,,,Provides IoT-enabled treadmill,2020,Mumbai
medicus,Healthtech,,12700.0,AI-based platform that explains and interprets blood tests and medical reports,2020,Mumbai
monech,Fintech,seed,12700.0,Automated platform which will help users to take their financial decisions,2020,Mumbai
teach us,Edtech,seed,12700.0,Educational portal which enables the students to access information related to education at one common platform,2020,
dealberg,B2B marketplace,,,Deals in office supplies,2020,Bengaluru
phenom people,HR tech,series c,30000000.0,It redefines the means to search for a job and recruit top talent,2020,
extra edge,Edtech,pre series a,700000.0,Admission Marketing Automation software for the education industry,2020,Pune
capital quotient,Fintech,,600000.0,Investment advisor,2020,Bengaluru
karfa,Ecommerce,seed,25000.0,It sells products crafted by artisans,2020,Delhi
gamerji,Gaming,,400000.0,Esports tournament platform,2020,
bounce,Automotive and Rentals,series d,97500000.0,Offers a variety of bikes and scooters that can be rented on a subscription basis,2020,Bengaluru
zinier,Automation,series c,90000000.0,Provides intelligent field service automation,2020,Bengaluru
proeves,Preschool Daycare,seed,507000.0,"Provides tech-enabled, end-to-end childcare support solutions for corporate and retail consumers",2020,Delhi
toddle,nan,,,Collaboration and productivity platform for teachers across the world,2020,Bengaluru
aesthetic nutrition,Food diet,pre series a,,Markets and sells chewable dietary supplements,2020,
capital float,Fintech,,15000000.0,Digital lending,2020,Bengaluru
ninjacart,B2B Agritech,series c,10000000.0,Online grocery delivery platform,2020,Bengaluru
technifybiz,B2B Agritech,seed,2000000.0,Online marketplace for non-perishable food items,2020,
wysh,E-connect,series a,2000000.0,Celebrity engagement and wishing platform,2020,Hyderabad
keito,AI,seed,160000.0,Enterprise productivity startup,2020,Pune
klub,Fintech,pre seed,2000000.0,Provides growth financing to high-affinity brands,2020,
aadhar,Ecommerce,seed,,Ayurveda wellness and lifestyle consumer brand,2020,Mumbai
incubatehub,Tech hub,,,Provides platform for Corporates to connect establish brand presence among innovation community,2020,Bengaluru
rage coffee,FMCG,,,Provides effective Instant Coffee Infused with Natural Brain Vitamins & Plant Based Cognitive Enhancers,2020,Delhi
skilancer,Technology,,,Solar module cleaning system [MCS] providers,2020,Noida
harappa education,Edtech,,,Provides online courses on foundational skills,2020,New Delhi
rheo,Entertainment,,2000000.0,Online e-sports streaming and community platform,2020,
axio biosolutions,Medtech,series b,5200000.0,Medical device manufacturer,2020,Bengaluru
techbooze,Consultancy,series a,15000000.0,"Business Development, Consulting and Funding facilitator for Startups Enterprise",2020,
paymart,Fintech,,,Provides cardless cash withdrawals through small merchants shops,2020,Chandigarh
testbook,Edtech,series b,8400000.0,Helps students prepare online for competitive exams,2020,
faballey,Ecommerce,,1100000.0,Online fashion store,2020,Noida
haikujam,nan,,3400000.0,Creative writing mobile platform,2020,
mamaearth,Ecommerce,series a,18300000.0,Online baby and mother care brand,2020,
rentomojo,Rental,,2000000.0,"Furniture, electronics, and appliance-centric consumer leasing platform",2020,
zomato,Foodtech,,150000000.0,Online food delivery and restaurant discovery platform,2020,
generico,Pharmacy,,1400000.0,Generic medicine focussed retail chain,2020,Mumbai
highradius,SaaS,series b,125000000.0,"An AI-based platform, to automate accounts receivables and treasury processes.",2020,Hyderabad
chai kings,Beverage,,1000000.0,It offers a range of tea in various flavour,2020,Chennai
rivigo,Logistics,series f,3400000.0,"It offers delivery services across India to retail, e-commerce, pharmaceutical, automobile and FMCG companies",2020,Gurugram
buildpan,SaaS,seed,,"It helps developers to test, integrate and deploy apps",2020,Indore
shiksha,Edtech,,181000.0,It makes college selection easy for students looking to pursue UG and PG courses in India and abroad,2020,
super surfaces,Deisgning,series a,500000.0,A design solution based company,2020,Hyderabad
quicko,Taxation,,280000.0,Online tax planning and filing platform,2020,Ahmedabad
satin creditcare,Fintech,,15000000.0,A micro finance company,2020,Gurugram
xpressbees,Logistics,,10000000.0,Provides end to end supply chain solutions,2020,
farmerp,Agritech,series a,,Smart agriculture management ERP software platform,2020,Pune
wealth bucket,Fintech,,3000000.0,An online platform for mutual fund investments,2020,
gomechanic,Automobile Technology,series b,14700000.0,Find automobile repair and maintenance service providers,2020,Delhi
fashor,Fashion,pre series a,1000000.0,Women’s fashion and apparel,2020,Chennai
leverage edu,Edtech,,1500000.0,AI enabled marketplace that provides career guidance,2020,Delhi
epifi,Fintech,seed,13200000.0,It offers customers with a single interface for all their financial and banking mandates,2020,
purplle,Cosmetics,,8000000.0,Online makeup and beauty products retailer,2020,Mumbai
shuttl,Transport,series c,8043000.0,App based bus aggregator serice,2020,Delhi
pando,Logitech,series a,9000000.0,Networked logistics management software,2020,Chennai
unbox robotics,AI startup,pre series a,1200000.0,"Unbox Robotics builds on-demand AI-driven warehouse robotics solutions, which can be deployed using limited foot-print, time, and capital.",2021,Bengaluru
upgrad,Edtech,,120000000.0,UpGrad is an online higher education platform.,2021,Mumbai
lead school,Edtech,series d,30000000.0,LEAD School offers technology based school transformation system that assures excellent learning for every child.,2021,Mumbai
bizongo,B2B E-commerce,series c,51000000.0,Bizongo is a business-to-business online marketplace for packaging products.,2021,Mumbai
fypmoney,Fintech,seed,2000000.0,"FypMoney is Digital NEO Bank for Teenagers, empowering them with financial literacy and ease of secured financial transactions.",2021,Gurugram
urban company,Home services,,188000000.0,"Urban Company (Formerly UrbanClap) is a home and beauty services platform in India, Middle East, Singapore and Australia",2021,New Delhi
comofi medtech,Healthtech,,200000.0,Comofi Medtech is a healthcare robotics startup.,2021,Bengaluru
qube health,Healthtech,pre series a,,India's Most Respected Workplace Healthcare Management Company,2021,Mumbai
vitraai,Tech Startup,,,Vitra.ai is an AI-based video translation platform,2021,Bengaluru
taikee,E-commerce,,1000000.0,"Taikee is the ISO-certified, B2B e-commerce platform of Peel-Works, enabling better lives for corner stores.",2021,Mumbai
fitterfly,Healthtech,pre series a,3000000.0,"Fitterfly offers customized and personalized wellness programs for diabetes PCOS, pregnancy, weight loss, pediatric and nutrition.",2021,Mumbai
freestand,B2B service,,100000.0,FreeStand enables FMCG brands to execute trackable and scalable product sampling campaigns.,2021,New Delhi
mydentalplan,Helathcare,seed,700000.0,My Dental Plan provides dental care packages and services.,2021,Bengaluru
freyr energy,Renewable Energy,,2000000.0,"Freyr Energy is a company that provides full service solar provider based in Hyderabad, India.",2021,Hyderabad
dealshare,E-commerce,,9000000.0,DealShare is a Social Commerce Startup,2021,Jaipur
tessolve,Electronics,,40000000.0,"Tessolve Semiconductor offers engineering in semiconductor design, test/product engineering, failure analysis, systems design.",2021,Bengaluru
smart joules,Renewable Energy,,49000000.0,Smart Joules is an energy management company.,2021,New Delhi
orai,IT startup,pre series a,400000.0,AI-Powered Robotic Virtual Assistant (RVA) for Amplifying Performance of Poor quality leads and bring more MQL and SQL,2021,Bengaluru
ixambee,Edtech,seed,300000.0,ixamBee is to provide best online learning experience for preparation of competitive exams.,2021,New Delhi
coinswitch kuber,Fintech,series b,25000000.0,CoinSwitch Kuber is an India-based cryptocurrency exchange platform.,2021,Bengaluru
razorpay,Fintech,series e,160000000.0,"Razorpay is a platform that enables businesses to accept, process, and disburse payments.",2021,Bengaluru
uable,Edtech,seed,,Uable offers role based programmes to empower children to explore different domains.,2021,Bengaluru
zfw hospitality,Food & Beverages,pre seed,150000.0,Creating a sustainable and scalable cloud kitchen network.,2021,New Delhi
optimized electrotech,Aeorspace,pre series a,1800000.0,"Long distance, multispectral Surveillance Equipment for Defense, Aerospace, Critical Asset Protection",2021,Ahmedabad
northern arc,Fintech,,5000000.0,Northern Arc Capital is a Non-Banking Finance Company that provides borrows with access to debt investors.,2021,Chennai
chara,Deep Tech,seed,850000.0,"A scalable, cloud-controlled, and rare earth mineral free Hardware and Software platform for the Switched Reluctance Motor and other magnet free motor technologies.",2021,Bengaluru
sirona hygiene,Healthtech,series a,3000000.0,Solving unaddressed Intimate & Menstrual Hygiene issues with our award-winning innovative & modern products.,2021,New Delhi
pristyn care,Healthtech,series d,53000000.0,Pristyn Care is Health Care Startup that is disrupting Elective Surgery Procedures,2021,Gurugram
trulymadly,Dating,pre series a,2000000.0,Trulymadly is a dating platform that uses a match making algorithm.,2021,New Delhi
vidyakul,Edtech,seed,500000.0,Vidyakul is an vernacular e-learning platform that helps state board students to learn academics via pre-recorded and live lectures,2021,
jambox games,Gaming,seed,1100000.0,"A competitive game publishing platform to help developers in India and Southeast Asia to publish their games, and compete with the global incumbents.",2021,Bengaluru
miko,Robotics,,6000000.0,"Miko is an advanced robotics startup focusing on robotics, AI & IoT.",2021,Mumbai
superk,Retail,seed,800000.0,SuperK is a full-stack solution to empower small format retail stores in India.,2021,Small Towns
tagz foods,Food,pre series a,500000.0,TagZ Foods is a supplier of snacks and food products.,2021,Bengaluru
fuel buddy,Oil and Energy,,1000000.0,FuelBuddy is the FIRST legal private company in India to have permissions in place to deliver fuel. FUELDELIVERY APP.,2021,New Delhi
m1xchange,Fintech,,10000000.0,M1 an online exchange for TReDS set up under the approval RBI to facilitate discounting of invoices on a PAN India basis.,2021,Gurugram
ef polymer,AgriTech,,200000.0,Sustainable Agriculture by creating sustainable inputs solution for agriculture to save water and fertilizer with enhancing yield.,2021,Rajsamand
boat,Electronics,,6000000.0,boAt is a consumer electronics and lifestyle company.,2021,New Delhi
trunativ,Food & Beverages,seed,,TruNativ Foods & Beverages Pvt Ltd,2021,Mumbai
ibus,Telecommuncation,,21000000.0,iBus Networks is an in-building connectivity solutions company,2021,Bengaluru
puresh daily,Milk startup,seed,100000.0,PUREandFRES-Milk delivers fresh milk directly from its farm to home. Fresh Milk without any trace of chemicals is packed and sealed in glass bottle.,2021,Ranchi
learnvern,Edtech,,1000000.0,LearnVern.com is a training portal where anyone can learn any course in vernacular languages for free.,2021,Ahmedabad
limechat,AI Chatbot,seed,7500000.0,Limechat provides a personalised shopping experience for D2C companies on chat platforms using L3 conversational AI.,2021,Faridabad
dybo,IT,seed,100000.0,Product Visualisation Technology for Commerce,2021,Bengaluru
moeving,Logistics,seed,1000000.0,"Delivering clean, cost-effective and efficient mobility solutions.",2021,Gurugram
wework india,Hospitality,,26000000.0,"Transform buildings into beautiful, collaborative workspaces and provide infrastructure, services, events and tech",2021,Bengaluru
solethreads,Fashion,series a,1000000.0,SOLETHREADS is a ‘Made in India’ footwear brand that’s creating a flip flop revolution.,2021,Gurugram
beldara,E-commerce,,7400000.0,"BELDARA.COM IS A GLOBAL B2B marketplace, enables businesses to sell worldwide.",2021,Mumbai
credflow,Fintech,seed,2000000.0,CredFlow provides financial solutions to automate your cashflows.,2021,New Delhi
do your thng,Marketing,,1500000.0,World's first shared economy platform for digital assets.,2021,Gurugram
oye rickshaw,Transportation,,3000000.0,Oye Rickshaw is an electric vehicle energy solutions company that connects people with public transportation using a booking app.,2021,Gurugram
legitquest,LegalTech,,600000.0,LegitQuest is a legal-tech company that operates a legal research platform with Indian case laws.,2021,New Delhi
swiggy,Food delivery,,800000000.0,Swiggy is an on-demand food delivery platform that brings food from neighborhood restaurants directly to customers' doors.,2021,Bengaluru
antwak,Edtech,seed,,AntWak provides a video platform for e-learning service.,2021,Bengaluru
playshifu,Edtech,series b,17000000.0,PlayShifu is an EdTech startup that offers teaching/learning tools for kids (4-12 years of age).,2021,Bengaluru
pitstop,Automotive,pre series b,3500000.0,Pitstop offers general repair and maintenance services for cars through its doorstep service vehicles.,2021,Bengaluru
cred,Fintech,series d,215000000.0,CRED is a members-only credit card management and bill payments platform that rewards users every time they pay their credit card bills.,2021,Bengaluru
karnival,SaaS,seed,2500000.0,A SAAS platform for retailers and brands to create wonderful post purchase customer journeys using smart receipts technology,2021,Bengaluru
pharmeasy,Healthtech,series e,350000000.0,"PharmEasy is a health tech startup offering services such as teleconsultation, medicine deliveries, and diagnostic test sample collection.",2021,Mumbai
wess,Renewable Energy,seed,2000000.0,Waaree is India's Largest Solar Module Manufacturer & fastest growing EPC company with Presence across 68 countries.,2021,Mumbai
shopse,Fintech,,5500000.0,Make purchases online or at neighborhood store in easy EMIs through ShopSe.,2021,Mumbai
fantasy akhada,Fantasy sports,,600000.0,Fantasy Akhada offers fantasy sports platform for cricket and football.,2021,Gurugram
rage coffee,Food & Beverages,pre series a,,Rage Coffee is infused with plant based vitamins. These 100% natural extracts are typically found in foods.,2021,New Delhi
groww,Fintech,series d,83000000.0,Groww is an investment platform that offers a new way of investing money with stockbroking and direct mutual funds.,2021,Bengaluru
avanti finance,Fintech,series a,26000000.0,Avanti Finance lends relatively large but trust-based loans without formal credit footprint.,2021,Bengaluru
kudos,Fintech,pre series a,,"Kudos is a full stack NBFC, a digital lending engine with an in-built API lending protocol layer of over 20+ API’s.",2021,Pune
ofbusiness,Fintech,,110000000.0,OfBusiness is a financing platform that offers smart financing to SMEs.,2021,Gurugram
superproai,Video communication,seed,3000000.0,Enabling independent professionals to bring offline consulting online with AI,2021,Bengaluru
sharechat,Social Media,,500000000.0,ShareChat is a social networking and regional content platform.,2021,Bengaluru
witace,Skill development,seed,1000000.0,"Offer accelerated career experiences for women by Enabling, Engaging & Employing them to be in decision making roles.",2021,Gurugram
spinny,Retail,series c,65000000.0,Spinny is a used car buying platform enabling trustworthy and hassle-free transactions.,2021,Gurugram
alteria capital,Fintech,debt financing,150000000000.0,Alteria Capital is a Venture debt firm .,2021,Mumbai
safexpay,Fintech,,6000000.0,SafexPay is set up with the aim to build digital payments businesses and channel platforms encompassing payment gateways,2021,Thane
pumpumpum,Rental,pre series a,700000.0,Pumpumpum is a car rental company.,2021,Gurugram
speciale invest,Fintech,,10000000.0,Speciale Invest is an early stage investor focusing on Tech-driven/Deep-tech ventures.,2021,Bengaluru
eunimart,E-commerce,pre series a,700000.0,Eunimart is a one stop solution for merchants to create a difference by selling globally.,2021,Hyderabad
meesho,E-commerce,,300000000.0,Meesho operates as an online reselling platform that enables anyone to start a business without investment.,2021,Bengaluru
careerlabs,Edtech,,2200000.0,"Aim to help students become future-ready, setting them on a path to success that suits them best.",2021,Bengaluru
uable,Edtech,pre series a,35000000.0,Uable are on a bold mission to redefine the future for millions of teenagers around the world.,2021,Bengaluru
zoko,Tech Startup,seed,140000000.0,"Zoko makes it easy for businesses to do Sales, Marketing & Customer Support on WhatsApp.",2021,Bengaluru
getwork,Recruitment,seed,200000.0,GetWork is a campus recruiting platform to post your jobs and hire across dozens of colleges at once.,2021,Gurugram
easebuzz,E-commerce,series a,4000000.0,Easebuzz is an easy to use portal which allows you to start an online business and sell your favorite products with a free online store.,2021,Pune
chingari,Social Media,,13000000.0,Chingari operates as a short video platform.,2021,Bengaluru
dusminute,Retail,pre series a,1100000.0,DusMinute aims to transform how communities live by giving them access to world-class amenities at their doorstep.,2021,Bengaluru
onsurity,Healthcare,,,Onsurity is an employee healthcare platform providing a monthly healthcare membership with group health insurance to emerging businesses.,2021,Bengaluru
karbon card,Fintech,,,Prime objective is to empower Indian startups by creating the right financial products starting with a high-limit corporate credit card with unlimited benefits,2021,Bengaluru
factorsai,SaaS,,2000000.0,"Factors.AI is a Marketing Analytics platform providing sophisticated omnichannel, every-touch attribution technology and unparalleled performance insights for Marketers",2021,Bengaluru
elevar,Sports,,2000000.0,"A Revolutionary Sports Brand, Engineered For Those Who Want More.",2021,Mumbai
studio sirah,Computer Games,,800000.0,Studio Sirah is founded with a belief in the increasing sophistication of the Indian gamer and the whitespace of midcore India-first games.,2021,Bengaluru
oto capital,Fintech,,6000000.0,The Future Of Vehicle Ownership!,2021,Mumbai
1bridge,Consumer Goods,,2500000.0,"Village Commerce Network - Bridging Aspirations, Creating Opportunities, Bringing Prosperity & Abundance to our village",2021,Bengaluru
skeps,Fintech,,9500000.0,"A blockchain products company, developing a proprietary product in the FinTech space",2021,Gurugram
curefoods,Food & Beverages,,13000000.0,Healthy & nutritious foods and cold pressed juices produced in Edinburgh. Currently distributing wholesale within the Edinburgh region.,2021,Bengaluru
tartansense,Information Technology,,5000000.0,TartanSense unlocks value for small farm holders by working at the intersection of robotics and AI assisted computer vision.,2021,Bengaluru
bewakoof,Apparel & Fashion,,8000000.0,"Bewakoof is a lifestyle fashion brand that makes creative, distinctive fashion for the trendy, contemporary Indian.",2021,Mumbai
kirana247,Logistics & Supply Chain,,1000000.0,An on-demand FMCG supply chain company leveraging a deep tech-enabled micro warehousing model to serve Kirana stores.,2021,New Delhi
neodocs,Healthtech,,,"Neodocs is a part of India's prominent Social Impact Accelerator program, AISEA.",2021,Mumbai
isgoingonline,Retail,,200000.0,Kochi-based digital catalogue and marketplace IsGoingOnline,2021,Kochi
camp k12,Edtech,,12000000.0,"Camp K12 is a global online school for 21st century skills, teaching Coding and other STEAM subjects to kids age 6-18 via LIVE, interactive, gamified online sessions",2021,Gurugram
elda health,Healthcare,,1500000.0,"Elda Health is a digital wellness platform that understands women intimately and offers a holistic wellness solution through physical, mental and social interventions.",2021,Bengaluru
sporjo,SportsTech,,2000000.0,A one stop destination to build a successful career in the Indian sports industry!,2021,Mumbai
advantage club,HRTech,,1700000.0,"Advantage Club is India's largest employee engagement platform, Provide end to end employee benefit management with state of the art products like:",2021,Mumbai
supergaming,Gaming,,5500000.0,"At SuperGaming, building India's best gaming company.",2021,Pune
ruptok,Fintech,,1000000.0,"Ruptok fintech Pvt. Ltd. is an online gold loan service provider , with attractive interests rate .",2021,New Delhi
tartansense,Information Technology,series a,5000000.0,TartanSense unlocks value for small farm holders by working at the intersection of robotics and AI assisted computer vision.,2021,Bengaluru
kirana247,Logistics & Supply Chain,pre series a,1000000.0,An on-demand FMCG supply chain company leveraging a deep tech-enabled micro warehousing model to serve Kirana stores.,2021,New Delhi
neodocs,Healthtech,pre seed,,"Neodocs is a part of India's prominent Social Impact Accelerator program, AISEA.",2021,Mumbai
isgoingonline,Retail,pre series a,200000.0,Kochi-based digital catalogue and marketplace IsGoingOnline,2021,Kochi
camp k12,Edtech,series a,12000000.0,"Camp K12 is a global online school for 21st century skills, teaching Coding and other STEAM subjects to kids age 6-18 via LIVE, interactive, gamified online sessions",2021,Gurugram
elda health,Healthcare,seed,1500000.0,"Elda Health is a digital wellness platform that understands women intimately and offers a holistic wellness solution through physical, mental and social interventions.",2021,Bengaluru
sporjo,SportsTech,pre series a,2000000.0,A one stop destination to build a successful career in the Indian sports industry!,2021,Mumbai
supergaming,Gaming,series a,5500000.0,"At SuperGaming, building India's best gaming company.",2021,Pune
o be cocktails,Wine & Spirits,,400000.0,India’s first and only Ready to Drink Premium Cocktails.,2021,Bengaluru
zetwerk,Mechanical & Industrial Engineering,series e,150000000.0,ZETWERK is a universal manufacturing network powered by new-age technology.,2021,Bengaluru
appsforbharat,Spiritual,seed,4000000.0,"A mission to assist a billion Indians in their spiritual journey and help them feel happier, peaceful & more content.",2021,Bengaluru
imagimake,Consumer Goods,,,"Imagimake – one of the fastest growing and most innovative start-up in the field of Toys, Games & Artist Supplies.",2021,Mumbai
khatabook,Financial Services,series c,100000000.0,Khatabook is the world's fastest-growing Saas company. It has become India's leading business management app for MSMEs with 50M+ downloads in a remarkably short period of time.,2021,Bengaluru
smytten,Consumer Goods,series a,6000000.0,India's largest premium discovery and trial platform!,2021,Gurugram
syook,Industrial Automation,series a,1000000.0,Syook is building the next generation enterprise IOT platform.,2021,Bengaluru
akudo,Fintech,pre seed,,Akudo is pioneering the concept of Learning-First Banking for Teenagers.,2021,Bengaluru
noto,Consumer Goods,pre series a,500000.0,"A healthy, low-calorie ice cream for the millennial Indian with an incurable sweet tooth.",2021,Mumbai
lumiq,Information Technology,seed,2000000.0,Help enterprises monetize their data and reinvent the digital transformation journey.,2021,Noida
commerceup,Information Technology,seed,,Grow and manage ecommerce business from single dashboard,2021,Gurugram
breathe wellbeing,Health,series a,5500000.0,"Help people to prevent, manage or reverse Type 2 Diabetes through our clinically proven digital program.",2021,Gurugram
hike,Information Technology,,,Hike is an Indian AI-led Unicorn startup that is committed to building a new social future.,2021,New Delhi
house of kieraya,Lifestyle,,15000000.0,"House of Kieraya, well-known for furniture and lifestyle rental brand ﻿Furlenco",2021,Bengaluru
goegonetwork,Automotive,,2000000.0,"goEgo is a complete E Mobility charging solution, that combines engagement, rewards & adoption through a mix of online and offline channels.",2021,Pune
probus,IoT,bridge,500000.0,"A mission to increase the per capita consumption of electricity in India by 10X, which is presently 1/3 of global average- by reducing the distribution losses in Indian electricity distribution grid.",2021,New Delhi
drinkprime,Consumer Goods,,1000000.0,India's Smartest Water Purifiers and are redefining water purifier ownership.,2021,Bengaluru
smart express,Logistics,seed,10000000.0,India’s Most Innovative and Awarded Express Logistics Company.,2021,Mumbai
smallcase,Fintech,series c,40000000.0,Smallcase is a new way to invest in the stock markets.,2021,Bengaluru
satya microcapital,Banking,,10000000.0,Satya MicroCapital Limited is a Delhi based NBFC serving low income entrepreneurs in rural and urban areas.,2021,New Delhi
snack amor,Food & Beverages,,,"Snack Amor aims is to offer a healthy, natural and tasty snacking experience to its customers.",2021,Mumbai
postman,Computer software,series d,225000000.0,Postman is the collaboration platform for API development.,2021,Bengaluru
hashnode,Computer software,series a,6700000.0,The easiest way to start a blog on personal domain for free & connect with the readers through our dev community,2021,Bengaluru
racenergy,Automotive,seed,1300000.0,RACEnergy is working to power the future of mobility through clean and efficient technologies.,2021,Hyderabad
bharatpe,Fintech,debt financing,20000000.0,The vision to make financial inclusion a reality for Indian merchants.,2021,New Delhi
gyde,Computer software,seed,250000.0,"Gyde is a SAAS product that enables enterprises & SAAS companies to guide their application (web & mobile) users with step-by-step voice assistance, byte-sized training videos & rich help articles.",2021,Pune
batterypool,Automotive,seed,,Building the Operating System for managing Electric Vehicles in fleets.,2021,Pune
agnext,AgriTech,series a,21000000.0,"AgNext is a fast-growing AgTech company that aims to solve quality and trust in food value chains by making them safer, transparent and fairer.",2021,Chandigarh
xpresslane,Tech startup,pre seed,400000.0,"Xpresslane makes checkout fast and easy. With a unified identity across all e-commerce merchants, it brings efficiency and perfection in the overall checkout experience of the user.",2021,Bengaluru
loankuber,Digital mortgage,pre series a,1200000.0,LoanKuber is the lowest cost lender to Yest-to be Bankable - enabling borrowing with trust and confidence.,2021,New Delhi
oyo,Hospitality,series f,5000000.0,OYO is a global travel tech company that connects its patrons and guests.,2021,Gurugram
rapido,Information Technology & Services,,52000000.0,Rapido is a bike taxi service spread widely across all of India from Tier 1 to Tier 3 cities.,2021,Bengaluru
ypay,Fintech,,400000.0,YPay Card is the new way to manage money.,2021,Noida
sleepycat,Furniture,,3800000.0,An online sleep solutions company that believes in delivering luxurious sleep to everyone.,2021,Mumbai
ultrahuman,Healthcare,,17500000.0,Ultrahuman is a global health and fitness platform that aids our user to achieve their true physical and mental potential.,2021,Bengaluru
upscalio,E-commerce,,42000000.0,"UpScalio is India’s next generation, data-driven consumer goods company.",2021,Gurugram
yellow class,Edtech,,6000000.0,"Yellow Class is a new-age fun-learning platform where kids between 2-12 years can learn from a wide range of classes like dancing, drawing, personality development, creative writing and so on",2021,Gurugram
yojak,B2B marketplace,,3800000.0,India’s first B2B online marketplace for building material.,2021,Gurugram
creatorstack,Computer software,,2000000.0,Helping creators globally to engage deeply with their fans and communities,2021,Bengaluru
expertrons,Edtech,,2300000.0,The world's largest AI Videobot platform providing futuristic solutions for businesses & colleges and employment,2021,Mumbai
rage coffee,Food & Beverages,,5000000.0,"Rage Coffee is a digitally native FMCG company that manufactures, markets & distributes innovative coffee products.",2021,New Delhi
klub,Financial Services,,20000000.0,Klub was founded with the vision of revolutionizing growth capital for Asia’s most loved brands.a,2021,Bengaluru
navia life care,Healtcare,,1000000.0,Navia Life Care is a health technlogy company with a special focus on patient care.,2021,New Delhi
1k kirana bazaar,Retail,,7000000.0,India's First and Largest Network of Small-Town Kirana Stores,2021,Gurugram
zupee,Gaming,,30000000.0,"Mission to improve people’s lives by improving their learning ability, skills and mental aptitude through scientifically designed mental exercises, applications",2021,Gurugram
localeai,Location Analytics,,1000000.0,Location Analytics for Companies With Moving Assets and Ground Operations.,2021,Bengaluru
verse innovation,Media,,450000000.0,"The core of the company (VerSe Innovation), is the idea that technology can help bridge the digital divide.",2021,Bengaluru
metroride,Transportation,,,"Urban Mobility Affordable, Punctual & Sustainable.",2021,Bengaluru
miko,Consumer Electronics,,28000000.0,"Miko is an advanced robotics startup founded by three IIT Bombay post-graduates on the pillars of robotics, AI & IoT.",2021,Mumbai
whiz league,Edtech,,300000.0,Revolutionizing learning experience that goes beyond academia,2021,New Delhi
hash,Tobacco,,3500000.0,Hash is a new startup in consumer goods.,2021,New Delhi
unacademy,Edtech,,,Unacademy aims to build the world's largest online knowledge repository for multi-lingual education.,2021,Bengaluru
log 9 materials,Deeptech,series a,8500000.0,Log9 Materials is on a mission to make global energy 100% clean.,2021,Bengaluru
upgrad,Edtech,,25000000.0,"upGrad is India’s largest online higher education company providing programs in Data Science, Technology, Management and Law, to students, working professionals and enterprises.",2021,Mumbai
flashprep,Edtech,pre seed,500000.0,FlashPrep is the smart way to master learning.,2021,Bengaluru
kenko health,Insuretech,pre series a,1700000.0,"A unique healthcare financing solution focusing on ROI, affordability and superior customer experience",2021,Mumbai
wiz freight,Logistics & Supply Chain,seed,3500000.0,"Wiz is a tech-enabled freight forwarding platform. We make global shipping efficient, hassle-free and highly visible for businesses.",2021,Chennai
credgenics,Financial Services,series a,25000000.0,Credgenics is India’s first of it's kind NPA resolution platform backed by credible investors including Accel Partners and Titan Capital.,2021,New Delhi
nimbleboxai,MLOps platform,seed,1000000.0,A full-stack MLOps platform built to create & launch multi-cloud apps on the cloud,2021,Chennai
pickrr,Logistics & Supply Chain,series b,12000000.0,India's 1st Virtual Logistics solution catering to Global Brands/SMEs/Online sellers/AmazonSellers,2021,Gurugram
stellaris venture partners,Venture Capital,,225000000.0,Early-stage tech VC in India.,2021,Bengaluru
grip invest,Financial Services,series a,3000000.0,"Grip offers investment opportunities to invest in physical assets leased to corporates, to earn fixed monthly returns.",2021,Gurugram
heads up for tails,Pet care,series a,37000000.0,"A one stop shop for all pet products with paw prints all across India, we design, manufacture and customize stylish",2021,New Delhi
blue tokai coffee roasters,Food & Beverages,pre series b,2000000.0,"Source, roast, and brew India's best single-origin Arabica coffee.",2021,New Delhi
neeman,Consumer Goods,series a,2000000.0,India's first Startup to use the world's most revolutionary Natural & Renewable fibers in Footwear,2021,Hyderabad
bharatpe,Fintech,series e,370000000.0,"BharatPe launched India’s first UPI interoperable QR code, first ZERO MDR payment acceptance service, and first UPI payment backed merchant cash advance service.",2021,New Delhi
gosats,Fintech,seed,700000.0,GoSats is a bitcoin stacking app that lets users earn bitcoin cashbacks when they shop with our partnered merchants.,2021,Bengaluru
stockgro,Fintech,pre series a,5000000.0,Making Investment Social- India's First Social Trading Platform,2021,Bengaluru
onsurity,Healthcare,series a,16000000.0,"Onsurity is a HealthTech & Employee Benefits organization, disrupting the SME and startup healthcare market with technology and innovation!",2021,Bengaluru
khabri,Media,pre series a,2000000.0,Khabri is India’s fastest growing vernacular audio platform targeted at next billion internet users.,2021,Gurugram
celcius,Logistics,,500000.0,Celcius is a asset light startup with a web and app based SaaS platform which brings the complete cold chain solution network ONLINE,2021,Mumbai
ayurythm,Healthcare,seed,,AyuRythm is the world's first completely digital solution for personalized holistic wellness based on Ayurvedic principles.,2021,Bengaluru
enguru,Edtech,pre series a,,Enguru provides a personalized & gamified English learning solution to prepare young adults for the workplace.,2021,Bengaluru
rocket skills,Edtech,pre seed,200000.0,Rocket Skills is the #1 Platform for learning skills which will bring a high positive impact on your business and life skills.,2021,Gurugram
renewbuy,Fintech,series c,10000000.0,"Simplify insurance and aim to take it to the last Indian, through our digitally enabled POSP advisors.",2021,Gurugram
faarms,AgriTech,seed,2000000.0,FAARMS™ is a new age digital platform which aims to offer a one-stop solution to farmers.,2021,Bengaluru
urbanmatrix technologies,Drone,,100000.0,Helping Industries & Organizations to seamlessly adopt drones in their workflow to elevate efficiency & profitability,2021,Chennai
jupiter,Banking,series b,44000000.0,"A digital banking experience that keeps pace with you, and helps master money too.",2021,Mumbai
pixuate,Deeptech,seed,1000000.0,"Pixuate enables intelligent business process automation through advanced computer vision, AI and machine learning.",2021,Bengaluru
playo,SportsTech,pre series a,500000.0,Playo is a one stop destination app for all things sports,2021,Bengaluru
toothsi,Health,series b,20000000.0,India’s first and largest at home smile makeover service using invisible aligners.,2021,Mumbai
soothe healthcare,Consumer Goods,series c,10000000.0,"Soothe is a consumer goods company engaged in manufacture, marketing & distribution of Personal Hygiene products.",2021,New Delhi
goodmeetings,Computer software,series a,1700000.0,AI-Based Platform Built Exclusively for Remote Selling,2021,Bengaluru
apnaklub,Wholesale,seed,3500000.0,Apnaklub is India's most trusted wholesale platform that empowers people to set up their own retail and sales businesses by providing better-than-industry margins,2021,Bengaluru
chefkart,Consumer Goods,pre seed,300000.0,"ChefKart is an end to end kitchen aide that plans, shops and cooks for you in your home kitchen.",2021,Gurugram
fashinza,Apparel & Fashion,series a,20000000.0,A new-age supply chain and product development platform for the fashion industry.,2021,Gurugram
fabheads,Industrial Automation,pre series a,,Fabheads is a hardware startup creating automation equipment to manufacture high-end carbon fiber parts.,2021,Chennai
quickshift,Logistics & Supply Chain,seed,770000.0,"Helping D2C brands scale with our AI powered Dashboard that manages Inventory, Order Processing, WMS, Shipping, Customer Support",2021,Pune
stackbox,Logistics & Supply Chain,,1200000.0,DISTRIBUTION SIMPLIFIED,2021,Bengaluru
medprime technologies,Healthcare,seed,,"MedPrime Technologies is a medical device company, dedicated to developing the best, customer-centric solutions for the healthcare needs of the world.",2021,Thane
inframarket,Construction,series d,125000000.0,Infra.Market is a Construction Solutions company that leverages technology to provide an enhanced procurement experience for all players in the construction ecosystem.,2021,Thane
collegedekho,Edtech,series b,35000000.0,"Collegedekho.com is Student’s Partner, Friend & Confidante, To Help Him Take a Decision and Move On to His Career Goals",2021,Gurugram
box8,Food & Beverages,,40000000.0,India's Largest Desi Meals Brand,2021,Mumbai
simpl,Consumer Services,series b,40000000.0,"Simpl empowers merchants to build trusted relationships with their customers one transaction at a time through one-click checkout, personalized PoS credit and intelligent loyalty rewards",2021,Bengaluru
8i ventures,Venture Capital & Private Equity,,50000000.0,8i is a Mumbai & Bangalore based early stage fund that backs founders creating fintech and consumer category leaders in India.,2021,Mumbai
payglocal,Financial Services,series a,4900000.0,PayGlocal is a FinTech solving for global payments acceptance,2021,Bengaluru
curefit,Health,,145000000.0,Tata Digital-backed Curefit,2021,Bengaluru
pocket fm,OTT,series b,22000000.0,"Pocket FM lets users discover and enjoy the greatest selection of audio content ranging from audiobooks, stories and podcasts from the most diverse creator community.",2021,Bengaluru
chargezone,Automotive,,10000000.0,CHARGE+ZONE is a tech-driven EV Charging infrastructure company specializing in B2B and B2C charging services on both dedicated and opportunity based charging using smart-grid network.,2021,Vadodara
planetspark,Education Management,series b,13000000.0,PlanetSpark is building the World Leader in Communication Skills for children in the age groups of 4 to 14 years,2021,Gurugram
lendenclub,Financial Services,series a,10000000.0,P2P lending platform delivering high returns of up to 12% p.a. for 5 years to investors.,2021,Mumbai
cometchat,Computer Software,series a,10000000.0,"Voice, video & text chat SDKs, APIs & Plugins for Developers.",2021,Mumbai
agrostar,AgriTech,series d,70000000.0,"AgroStar is one of India’s foremost AgTech start-ups, working on the mission of #HelpingFarmersWin.",2021,Pune
bizongo,Information Technology & Services,series d,100000000.0,Bizongo is India’s largest B2B platform for made-to-order products.,2021,Mumbai
probus insurance,Insurance,,6700000.0,Probus Insurance is a leading InsurTech platform in India.,2021,Mumbai
moengage,Software Startup,series d,30000000.0,Insights-led customer engagement platform for the customer-obsessed marketers & product owners.,2021,Bengaluru
cloudsek,Computer & Network Security,series a,7000000.0,AI-powered Digital Risk Monitoring platform that provides real-time visibility of cyber threats and actionable Intel.,2021,Bengaluru
exponent energy,Automotive,pre series a,5000000.0,Simplifying energy for EVs by building a Flexible Energy Stack.,2021,Bengaluru
trinkerr,Capital Markets,series a,6600000.0,Trinkerr is India's first social trading platform.,2021,Bengaluru
zorro,Social network,seed,32000000.0,Pseudonymous social network platform,2021,Gurugram
ultraviolette,Automotive,series c,150000000.0,Create and Inspire the future of sustainable urban transportation through Accelerated Innovation.,2021,Bengaluru
nephroplus,Hospital & Health Care,series e,24000000.0,"A vision and passion of redefining healthcare delivery in India in 2010, NephroPlus today is India’s largest network of dialysis centres.",2021,Hyderabad
unremot,Information Technology & Services,seed,700000.0,Unremot is a personal office for consultants!,2021,Bengaluru
fananywhere,Financial Services,seed,,Celebrity NFT platform,2021,Bengaluru
pingolearn,Edtech,,200000.0,PingoLearn offers language learning courses with snackable videos.,2021,Pune
spry,Music,seed,1500000.0,THE BEST ROYALTY-FREE MUSIC TO CREATE TRENDING VIDEOS,2021,Mumbai
enmovil,Information Technology & Services,pre series a,1300000.0,Enmovil delivers a Business Intelligence Platform driven by a connected asset ecosystem that enables organizations to maximise their operational efficiency.,2021,Hyderabad
asqi advisors,Financial Services,pre series a,1000000.0,Bringing Blockchain technology intro mainstream finance!,2021,Mumbai
insurance samadhan,Insurance,pre series a,725000.0,The insurance industry will help in representation with the insurance companies and will help to find adequate redressal for grievances.,2021,New Delhi
evenflow brands,Consumer Goods,,500000.0,Identify and partner with the upcoming eCommerce-1st brands that sell on marketplaces and have a successful track record of positive reviews & ratings,2021,Mumbai
pristyn care,Hospital & Health Care,series e,96000000.0,A new age health tech company that aims to simplify the surgery journey of a patient by offering care at every step.,2021,Gurugram
plix,Health,series a,5000000.0,Plant-based nutraceutical firm,2021,Mumbai
uni cards,Financial Services,series a,70000000.0,"Uni Card splits your payments into 3 parts, over 3 months, at 0 extra costs.",2021,Bengaluru
practically,Edtech,,5000000.0,An experiential learning app for grades 6th to 12th.,2021,Hyderabad
nestasia,Retail,series a,4000000.0,"Artisanal, Handmade, bio conscious crafts from South East Asia.",2021,Kolkata
vedic cosmeceuticals,Cosmetics,series a,32000000.0,One of india’s most trusted and technologically advanced white label manufacturer in the personal care space,2021,Noida
juspay,Fintech,series c,60000000.0,Enable frictionless payments for the billion Indians.,2021,Bengaluru
tranzact,Information Technology & Services,series a,7000000.0,A mission to digitize millions of Indian SMEs so they can grow better.,2021,Mumbai
atomberg,Consumer Electronics,,20000000.0,Atomberg has built the ‘Brushless DC Motor’ (BLDC) technology for ceiling fans in India and has continuously innovated and improved on the technology.,2021,Mumbai
ola,Mobility,,500000000.0,"Ola is India’s largest mobility platform and one of the world’s largest ride-hailing companies, serving 250+ cities across India, Australia, New Zealand, and the UK",2021,Bengaluru
mohalla tech,Social media,series g,266000000.0,"Mohalla Tech Pvt. Ltd. is a computer software company based out of Bengaluru, India.",2021,Bengaluru
stack,Financial Services,seed,4500000.0,Stack is an investing platform set to put money to work and help invest like some of the world’s biggest money-makers,2021,Bengaluru
propreturns,Real Estate,,1200000.0,PropReturns is a platform for users to invest in Indian Real Estate backed by data.,2021,Mumbai
weskill,Edtech,pre seed,4000000.0,Act as the bridge for skills providing access to learning and developing these skills at a younger age from the comfort and security of home.,2021,Gurugram
fitpage,Health,,300000.0,"An endurance-first fitness tech platform focussed on enabling you to learn, eat, work out and live better.",2021,Mumbai
shopmylooks,Digital platform,,200000.0,ShopMyLooks turns social media photos & videos into shop-the-look thus helping creators monetize their entire content.,2021,Noida
bytelearn,Edtech,seed,9500000.0,AI powered teaching assistant for 100 Mn teachers across the world,2021,Noida
dista,Computer Software,seed,1200000.0,Dista is an AI-enabled location intelligence platform that offers a wide range of solutions for businesses to power their mobility and field operations.,2021,Pune
ofbusiness,Financial Services,,325000000.0,"OfBusiness is a new age commerce and fintech start up, and is technologically driven to provide smart procurement and smart financing to SMEs.",2021,Gurugram
bizongo,B2B Ecommerce,series d,100000000.0,izongo is India’s largest B2B platform for made-to-order products.,2021,Mumbai
frnd,Online Media,series a,6500000.0,FRND is an audio dating app for Bharat,2021,Bengaluru
metadome,Computer Software,pre series a,4000000.0,"Metadome (formerly Adloid), is a Metaverse, that provides no-code infrastructure to millions of creators & brands, to build immersive experiences for the virtual world.",2021,Bengaluru
keka hr,Information Technology & Services,,1600000.0,Keka is a simple and intuitive HR software unlike the traditional HR systems.,2021,Hyderabad
flo mobility,Industrial Automation,,400000.0,"An autonomous tech stack that can be applied to agri-bots, delivery bots, two wheelers and other use cases where compact bots need to navigate in crowded, unstructured environments.",2021,Bengaluru
yodacart,E-commerce,pre seed,225000.0,YODACART is an e-commerce startup offering real-time product discovery using AI/ML for appliances based on consumers’ needs with an AR-enabled browsing experience.,2021,Thane
thehousemonk,Real Estate,,5000000.0,A complete property management software platform for team&customers.,2021,Bengaluru
zepto,E-commerce,,100000000.0,"Ability to consistently deliver 2,500+ products in 10 minutes flat.",2021,Bengaluru
sirona hygiene,Health,,10000000.0,"An award-winning brand, committed to solving those Intimate & Menstrual Hygiene issues for women",2021,New Delhi
jumbotail,B2B Ecommerce,series c,85000000.0,"Jumbotail is India's leading B2B marketplace and New Retail platform, serving thousands of mom & pop stores",2021,Bengaluru
captain fresh,Logistics & Supply Chain,series b,40000000.0,A B2B marketplace leveraging technology to deliver the fastest harvest-to-retail in the industry.,2021,Bengaluru
deciwood,Consumer Electronics,,200000.0,"Deciwood makes Eco-friendly wooden speakers using latest technology of Energy tube to enhance sound quality, all products are handmade by skilled people of the industry.",2021,New Delhi
kohbee,Edtech,pre seed,235000.0,"Kohbee is a mobile app for online trainers and educators to run their online business, end to end.",2021,Bengaluru
perfora,Consumer Goods,pre seed,260000.0,"Building a disruptive, modern, and functional oral care brand for consumers in India and globally.",2021,Gurugram
unbox robotics,Logistics & Supply Chain,series a,7000000.0,Unbox Robotics is building software-defined robotics platforms to enable logistics players to automate and radically improve their operations on-demand in a limited footprint and capital.,2021,Pune
ninety one,Consumer Goods,series a,30000000.0,"Ninety One makes cycles, which the company claims are affordable and different from the ones available in the market.",2021,Ahmedabad
gobillion,Social commerce,seed,2900000.0,Redefining social commerce for Tier 2+ cities in India - making e-commerce SOCIAL!,2021,New Delhi
ripplr,Logistics & Supply Chain,pre series b,12000000.0,India’s first Plug-n-Play distribution ecosystem for brands,2021,Bengaluru
sk finance,Financial Services,series f,53000000.0,SK Finance is a leading player in vehicle financing and small business loans lending space with AUM over 4000cr.,2021,Jaipur
eggoz,Food & Beverages,series a,3500000.0,Make a meaningful impact to improve the protein consumption of people by enriching the lives of the rural egg farmers.,2021,Gurugram
fabriclore,Apparel & Fashion,pre series a,700000.0,"India's top brand of artisanal & contemporary fabrics, offering the largest catalog of both curated & original designs.",2021,Jaipur
veefin,Information Technology & Services,,3000000.0,"Veefin is the world leader in contextual SCF and digital lending solution adopting user-led design, data and analytics, built by bankers for bankers.",2021,Mumbai
verandah,Apparel & Fashion,seed,1000000.0,Verandah is a conscious luxury travel brand retailing amongst the luxury resort wear space with design roots.,2021,Mumbai
karkinos healthcare,Hospital & Health Care,,,"Medical center for treatment of complex cancers; and research center which leverages technologies such as genomics, synthetic biology, sensors, and AI to analyze data and leading to the development of  affordable cancer interventions.",2021,Mumbai
owo technologies,Food & Beverages,seed,3000000.0,An ecommerce startup offering online beverages and packaged drinking water,2021,Gurugram
esportsxo,Mobile Games,seed,1100000.0,EsportsXO is an esports tournament management company which offers software to manage tournaments online.,2021,Bengaluru
the gourmet jar,Food & Beverages,,150000.0,"The Gourmet Jar offers a range of premium condiments in unique flavour combinations, that are handmade in small batches, from scratch, using all-natural ingredients and no preservatives or additives.",2021,Noida
zorgers,Hospital & Health Care,,,Zorgers Home Healthcare is India’s most trusted Home Healthcare Service Provider. Recognized by the Govt of India.,2021,Mohali
bangdb,Computer Software,,,A Converged NoSQL Data Platform for Predictive and Real-Time analytics for Operational Intelligence,2021,Bengaluru
neobank jupiter,Banking,series c,86000000.0,Jupiter is a digital banking app with one simple aim – to deliver a banking experience that keeps pace with you.,2021,Mumbai
skippi ice pops,Food Production,,130000.0,India's First Icepops Brand,2021,Hyderabad
glii,Dating,seed,10000.0,India’s finest dating companionship application,2021,Noida
globalbees,E-commerce,series b,111000000.0,Globalbees partners with entrepreneurs who have built an online-first business.,2021,New Delhi
mamaearth,Health,,37000000.0,Baby and mother care brand,2021,Gurugram
securenow,Insurance,series b,6000000.0,SecureNow is an award winning tech-enabled insurance intermediary.,2021,Gurugram
vendor infra,Construction,,265000.0,"A B2B Collaboration Platform for Infrastructure Sectors to Search Vendors, Get Quotes, Find Opportunities",2021,Gurugram
hakuna matata,Information Technology & Services,,1000000.0,Hakuna Matata Solutions is a leading Digital Transformation Company offering a full spectrum of technology solutions and services for enterprises across different industry verticals all over the globe.,2021,Chennai
onecard,Financial Services,,76000000.0,"India's finest and smartest metal credit card, reimagined for the mobile generation.",2021,Pune
doubtnut,Edtech,series b,30000000.0,"Doubtnut operates as an e-learning platform that enables users to ask study questions in Physics, Chemistry, and Math.",2021,Gurugram
hubhopper,Podcast,,,"Hubhopper is India's leading podcast hosting, creation & distribution platform. Getting podcast across both Indian & global audio platforms",2021,New Delhi
inframarket,Construction,series c,100000000.0,Infra.Market is an online procurement marketplace for every category of materials and products needed for building projects.,2021,Thane
comofi medtech,HeathTech,,200000.0,"Comofi Medtech develops healthcare products using artificial intelligence, augmented reality and IoT technologies",2021,Bengaluru
battery smart,Battery,seed,,Battery Smart provides advanced Li-ion batteries to e-rickshaws.,2021,New Delhi
kutuki,Edtech,seed,2000000.0,Kutuki is a learning platform focused on children between the ages of three and seven.,2021,Bengaluru
onelife,Healthcare,,,"Aspire to leverage the gifts of nature and science to help you make holistic lifestyle changes, with minimalistic effort, improving overall well-being.",2021,Mumbai
eupheus,Edtech,series b,4000000.0,Eupheus Learning offers a seamless integrated learning solution for the K-12 market in India.,2021,New Delhi
kreditbee,Fintech,series c,75000000.0,KreditBee is an Instant Personal Loan Platform for Young Professionals.,2021,Bengaluru
pencil,Content publishing,pre series a,1000000.0,Pencil is a content publishing platform that enables writers to publish their work for free.,2021,Mumbai
aisle,Dating,pre series a,,Aisle connects the new generation of single independent Indians from around the world looking for meaningful relationships.,2021,Bengaluru
marquee equity,Fintech,,3800000.0,The World's #1 Fundraising Service - Investor Meetings + Deal Documents - Globally,2021,Mumbai
uptimeai,AI startup,seed,1500000.0,"Enable true digital transformation with AI driven insights, to enable manufacturers stay ten steps ahead of process inefficiencies and equipment failures",2021,Bengaluru
wizklub,Edtech,pre series a,800000.0,Wizklub uses a unique method of developing and nurturing Higher Order Thinking Skills in children,2021,Bengaluru
zolve,Fintech,seed,15000000.0,Zolve Innovations operates as a neo-banking startup.,2021,Bengaluru
medibuddy,Edtech,debt financing,3000000.0,"MediBuddy is a digital healthcare platform for inpatient hospitalization, outpatient services, and corporate wellness benefits.",2021,Bengaluru
pariksha,Edtech,pre series a,2000000.0,"Pariksha - The Sucess App, India's largest vernacular test preparation company for the mobile 1st internet users of India.",2021,Pune
express stores,E-commerce,seed,1000000.0,Express Stores is a retail and omnichannel startup company,2021,Gurugram
avataar ventures,Fintech,,100000000.0,Avataar Venture Partners is a growth Capital Investment Firm.,2021,Bengaluru
phable,Healthtech,series a,12000000.0,Mobile App for Patients and Doctors,2021,Bengaluru
codingal,Edtech,,,Coding education platform for K-12 students,2021,Bengaluru
supply6,Helathcare,seed,100000.0,Supply6 is a food supplement brand that claims to provide nutritional supplements in drinkable forms such as smoothies.,2021,Bengaluru
swajal,Water purification,pre series a,1600000.0,Swajal uses clean solar energy to purify drinking water at an affordable rate.,2021,Gurugram
bharatpe,Fintech,series d,100000000.0,BharatPe develops a QR code-based payment app for offline retailers and businesses.,2021,New Delhi
filo,Edtech,pre seed,260000.0,Instant learning platform for students while self study.,2021,New Delhi
method madness,Real Estate,seed,2000000.0,Method & Madness Technology operates as a real-estate tech company.,2021,Mumbai
pepperfry,E-commerce,debt financing,30000000.0,Pepperfry is an online home and lifestyle shopping store selling products with cash on delivery facilities.,2021,Mumbai
zingavita,Healthtech,,400000.0,"Explore a range of kids nutrition supplements formulated using highest quality ingredients, that are Deliciously Healthy and super fun to consume.",2021,Chandigarh
hypd store,Content commerce,pre seed,,"A shop worthy content platform, personalized!",2021,New Delhi
verse innovation,Innovation Management,series h,1000000000.0,Owner of Dailyhunt App and I-Pay,2021,Bengaluru
supersourcing,Software company,seed,200000.0,Build your next app or website with our exclusive network of certified IT companies.,2021,Indore
automatapi,Automation,seed,400000.0,AutomataPi is a next generation cognitive business process automation engine.,2021,Powai
newton school,Edtech,series a,5000000.0,Newton School is a platform to learn and develop skills that you need for your best Tech career.,2021,Bengaluru
tendercuts,Food Industry,,15000000.0,"TenderCuts is an online meat shop that delivers antibiotic-free, hygienic, and farm fresh chicken, free range goat, and seafood.",2021,Chennai
siply,Fintech,seed,1000000.0,Siply Services operates as a micro-savings platform.,2021,Bengaluru
sarvagram,Fintech,series b,10000000.0,SarvaGram provides livelihood upgradation for aspiring households based in rural and semi-urban India.,2021,Mumbai
unlu,Celebrity Engagement,seed,1000000.0,Personalised Video Shoutout from top celebrities,2021,Gurugram
globalfair,Trading platform,seed,2000000.0,One-stop solution for all your procurement needs,2021,Gurugram
eduvanz,Fintech,debt financing,10000000.0,"Eduvanz is new, innovative finance company, which is completely revolutionizing the student loan market.",2021,Mumbai
owo,E-commerce,,200000.0,"Shop packaged drinking water, beverages from your favorite brands i.e. Kinley, Bisleri, Aquafina, Coca-cola, Pepsi etc",2021,Gurugram
progcap,Fintech,debt financing,1000000.0,Progcap is a financial service company that provides financial opportunities for micro and small businesses in the last mile.,2021,New Delhi
abl workspaces,Hospitality,pre series a,600000.0,ABL Workspaces is a co-working space where professionals from all walks of life come to work under one roof.,2021,New Delhi
nazara technologies,Gaming,,10000000.0,"Nazara Technologies develops mobile content such as games, themes, wallpapers, and multimedia.",2021,Mumbai
scentials,Personal Care,,6000000.0,Scentials is building a unique beauty brands studio platform,2021,Mumbai
splashlearn,Edtech,series c,18000000.0,SplashLearn is an EdTech startup company providing game-based math and reading courses to students in pre-kindergarten to grade five.,2021,Gurugram
maya,Healthtech,seed,2200000.0,Maya enables women to keep track of their health via a mobile application.,2021,Bengaluru
goto,Transportation,,150000.0,Real Time Intercity City Transit Platform For 1.25 Bn People In India,2021,Ghaziabad
medibuddy,Healthtech,series b,40000000.0,MediBuddy is a Trusted Digital Platform for Cashless Healthcare. MediBuddy connects patients with doctors and hospitals.,2021,Bengaluru
zetwerk,E-commerce,series d,120000000.0,Zetwerk is an online marketplace that connects buyers and suppliers for manufacturing jobs.,2021,Bengaluru
remedico,Healthcare,,500000.0,Remedico is a Mobile healthcare,2021,Hyderabad
prepbytes,Edtech,,,PrepBytes helps college students to learn coding by personalizing their content along with the guidance of expert mentors from industry,2021,Gurugram
satya microcapital,Fintech,,20000000.0,Satya MicroCapital is a micro finance company based on a group lending model that allows borrowers to share liability.,2021,New Delhi
yourphysio,Healthtech,pre seed,350000.0,YourPhysio is a healthcare company on a mission to deliver 10x better patient experience in the domain of physiotherapy.,2021,Nagpur
aviom housing finance,Fintech,debt financing,1000000.0,AVIOM India is an Affordable Housing Finance company facilitating families in mostly semi urban areas in realising their dream of owning their first home.,2021,New Delhi
hemp horizons,Cannabis startup,seed,200000.0,Cannabis and Hemp company,2021,Noida
mpl,Gaming,,95000000.0,Mobile Premier League is a skill-based eSports platform used to offer cash prizes while playing games.,2021,Bengaluru
koo,Blogging,series a,4100000.0,Koo App operates as a microblogging app.,2021,Bengaluru
innerhour,Healthcare,series a,5200000.0,InnerHour is mental health and wellness platform that provides therapy and diagnostics services and conducts online mental health workshops.,2021,Mumbai
origo,AgriTech,debt financing,10000000.0,"Origo Commodities, a complete post-harvest management financial solution for agricultural commodities.",2021,Gurugram
exmyb,Consulting,seed,,ExMyB provides financial service and consulting services.,2021,Gurugram
elucidata,BioTechnology,pre series a,5000000.0,Elucidata Corporation uses data analytics to transform decision-making processes in R&D labs in biotechnology and pharmaceutical companies.,2021,New Delhi
saveo,Healthtech,seed,4000000.0,Saveo operates a business-to-business e-commerce platform focused on pharmacies.,2021,Bengaluru
qin1,Edtech,pre series a,,Re-imagining Kids of 21st Century!,2021,Noida
dotpe,Fintech,seed,8000000.0,"DotPe is an innovative offline technology platform digitising merchant's customer engagement with mobile discovery, ordering and payments.",2021,Gurugram
taskmo,B2B Marketplace,,1400000.0,Gig Economy Platform | Task Fulfillment Platform | New-age fulfillment solutions,2021,Bengaluru
kiko tv,E-commerce,pre series a,,KIKO TV is an AI-based short live video e-commerce platform.,2021,Mumbai
quali55care,Health care,seed,,Deliver highly durable & affordable medical equipments on rental and sale.,2021,Mumbai
ruptok,Fintech,,10000000.0,Ruptok operates as a fintech platform for gold loans,2021,New Delhi
revfin,Fintech,,,RevFin is a digital lending company.,2021,New Delhi
seevc,Tech Startup,seed,1000000.0,Leverages artificial intelligence (AI) to build products for the education sector,2021,New Delhi
junio,Edtech,,1000000.0,Junio is a kids-focused digital pocket money-smart card.,2021,New Delhi
venwiz,B2B service,seed,300000.0,Digitising the interactions between core industry and vendors for engineering services,2021,Bengaluru
vista rooms,Hospitality,,1000000.0,"Vista Rooms is a South Asia's largest luxury holiday home rental management company. We are on a mission to build the ""Marriott for Homes""",2021,Mumbai
makers hive,Tech Startup,,9000000.0,"Makers Hive has made it possible to bring the people with amputations together by developing a fully functional, customizable",2021,Hyderabad
headfone,Social audio,seed,3000000.0,Headfone helps create and share the audio content with listeners.,2021,Bengaluru
zouk,Fashion and lifestyle,seed,,100% Vegan bags from India.,2021,Mumbai
mpl,Gaming,,5000000.0,Mobile Premier League is a skill-based eSports platform used to offer cash prizes while playing games.,2021,Bengaluru
growfix,Fintech,seed,2000000.0,Building high-yield Debt assets for retail investors,2021,Bengaluru
bombay shaving company,Fashion and lifestyle,,6000000.0,"Bombay Shaving Company is a consumer goods company that focuses on developing a range of shave care, beard care, and skincare products.",2021,New Delhi
dunzo,Delivery service,series e,40000000.0,Dunzo is a hyper-local delivery app that connects users to the nearest delivery partner.,2021,Bengaluru
beyondskool,Edtech,seed,2000000.0,BeyondSkool is a live upskilling platform for kids,2021,Mumbai
mindler,Edtech,pre series a,1000000.0,Mindler is a career counseling company that provides career development guidance counseling services for students.,2021,New Delhi
fashinza,B2B Manufacturing,seed,2600000.0,Fashinza is a B2B manufacturing marketplace that solves apparel/fashion supply chain challenges.,2021,Gurugram
bharatpe,Fintech,debt financing,6000000.0,BharatPe develops a QR code-based payment app for offline retailers and businesses.,2021,New Delhi
turnip,Gaming,seed,1600000.0,Turnip is a live game streaming and community platform.,2021,Bengaluru
furlenco,Home Decor,,2000000.0,Furlenco is a subscription-based furniture rental platform that allows users to rent furniture on a monthly basis.,2021,Bengaluru
inficold,Solar,pre series a,900000.0,Provide uninterrupted and affordable cooling for refrigeration,2021,New Delhi
kiwi,TaaS startup,seed,250000.0,"A peer to peer support network, which would enable billions of users across the world",2021,New Delhi
digit insurance,Fintech,,,Digit Insurance is a financial services company that general insurance services.,2021,Bengaluru
bharatpe,Fintech,debt financing,10000000.0,BharatPe develops a QR code-based payment app for offline retailers and businesses.,2021,New Delhi
mfine,Health care,,16000000.0,Mfine is an health-tech startup that offers an AI-powered online doctor consultation app.,2021,Bengaluru
udayy,Edtech,seed,2500000.0,Interactive learning platform for kids,2021,Gurugram
lohum,EV startup,,7000000.0,Lohum manufactures lithium-ion battery packs and recovers critical battery materials from used lithium-ion batteries through recycling.,2021,Noida
darwinbox,HR Tech,,15000000.0,Darwinbox is an end-to-end enterprise HR software that enables enterprises to automate entire employee lifecycle in one HR platform.,2021,Hyderabad
dehaat,AgriTech,series c,30000000.0,DeHaat connects farmers to suppliers and buyers on a single platform.,2021,Patna
samunnati,AgriTech,debt financing,10000000.0,Samunnati is a specialized agriculture value chain enabler providing innovative and customized financial and non-financial solutions.,2021,Chennai
biconomy,Blockchain startup,seed,1500000.0,Biconomy is a technology company building transaction infrastructure for next-generation Web 3 applications.,2021,New Delhi
true elements,Food and Beverages,,1000000.0,"Committed to improving the quality of life, True Elements provides food that is packed with the goodness of nature!",2021,Pune
nao spirits beverages pvt ltd,Beverages,series a,2000000.0,India's first Craft Gin company,2021,New Delhi
purpletutor,Edtech,seed,300000.0,PurpleTutor is the only coding platform that mandates every teacher to have a formal Computer Science degree,2021,Mumbai
karkhanaio,Manufacturing startup,seed,1500000.0,Karkhana.io is an on-demand manufacturing platform with a vision of digitalizing manufacturing.,2021,Mumbai
ssa finserv,Fintech,,3000000.0,Small businesses-focused non-banking lender,2021,Mumbai
coinswitch kuber,Cryptocurrency,series a,15000000.0,Coinswitch.co is a cryptocurrency exchange aggregator platform.,2021,Bengaluru
paperfly,E-commerce,,11000000.0,Paperfly is an e-commerce fulfillment and nationwide delivery solution in Bangladesh,2021,Bengaluru
inframarket,E-commerce,debt financing,6000000.0,Infra.Market is an online procurement marketplace for every category of materials and products needed for building projects.,2021,Thane
readyassist,Vehicle repair startup,seed,1000000.0,"ReadyAssist is one of the India's leading 24/7 roadside assistance, breakdown support, towing and repairs provider for both Bikes & Cars.",2021,Bengaluru
chalo,IT,,7000000.0,Chalo is a free app that tracks buses live and tells you what time your bus will reach your stop.,2021,Mumbai
unacademy,Edtech,,50000000.0,Unacademy is an online learning platform providing educational content such as video lectures and examinations.,2021,Bengaluru
ergos,AgriTech,series a,3000000.0,Ergos is building an integrated supply chain platform that enables farmers to convert their grains to digital assets.,2021,Samastipur
bolkar,Social network,,,Bolkar App is an Audio Based Q&A platform for the Next Billion Users.,2021,Bengaluru
wright research,Advisory firm,pre seed,,Quantitative Investment Management and Research,2021,Mumbai
knocksense,Media,,200000.0,Knocksense which owns and operates an eponymous digital content platform.,2021,Lucknow
pariksha,Edtech,,1800000.0,"Pariksha - The Sucess App, India's largest vernacular test preparation company for the mobile 1st internet users of India",2021,Pune
toothsi,Healthcare,series a,5000000.0,ToothSi is a new age startup in the dental space providing smile correction services at home.,2021,Mumbai
jumbotail,Food and Beverages,series b,14300000.0,"Jumbotail is solving an important problem of organising food and grocery ecosystem in India through technology, data science and design.",2021,Bengaluru
phi commerce,Fintech,series a,4000000.0,"Payments Facilitator, Payments solution provider etc.",2021,Pune
zupee,Gaming,,10000000.0,Zupee is a skill-based gaming app that enables its users to play against each-other live,2021,Gurugram
oneiric gaming,Gaming,,,Oneiric Gaming connects to fellow dreamers around the globe over cult favorite games like Bluff and Cricket.,2021,Chandigarh
finsall,Insuretech,seed,300000.0,Finsall provides Insurance Premium Financing,2021,Bengaluru
legalwizin,Legaltech,,500000.0,"LegalWiz.in is committed to provide high quality professional services for small businesses, start-up entrepreneurs and individuals.",2021,Ahmedabad
practically,Edtech,pre series b,4000000.0,"Making Learning personal, immersive and experiental",2021,Telangana
cred,Fintech,series c,81000000.0,CRED is a Bengaluru-based fintech startup that offers rewards for customers who use its platform to pay their credit card bills.,2021,Bengaluru
devic earth,Pollution control equiptment,,1000000.0,"State-of-the-art air pollution control equipment to improve air quality across buildings, industries, and cities.",2021,Bengaluru
zerone,Fintech,pre series a,1300000.0,"Convert smartphones into a POS machine using our ZUP proximity payment technology, with no additional hardware and no need for NFC.",2021,Gurugram
boat,Fashion & Lifestyle,private equity,100000000.0,boAt is a lifestyle brand that deals in fashionable consumer electronics.,2021,Mumbai
pocket aces,Media,,2000000.0,Pocket Aces is a digital entertainment company focused on mobile video.,2021,Mumbai
kyt,Edtech,series a,5000000.0,"An online-first, global academy for extracurricular learning | Private & small group online classes for kids",2021,Bengaluru
imumz,Healthcare,,300000.0,"iMumz empowers pregnant mothers to deliver healthy, happy, and intelligent babies through a positive lifestyle.",2021,Bengaluru
bharatpe,Fintech,debt financing,8200000.0,BharatPe develops a QR code-based payment app for offline retailers and businesses.,2021,New Delhi
cropin,AgriTech,series c,20000000.0,CropIn is a leading AI and Data-led agri-tech organization that provides SaaS solutions to agribusinesses globally using deep learning.,2021,Bengaluru
udaan,E-commerce,,280000000.0,"Udaan is a B2B trade platform that brings manufacturers, traders, retailers, and wholesalers into a single platform",2021,Bengaluru
oyo,Hospitality,series f,7000000.0,OYO operates a branded network of hotels designed to offer standardized stay experiences.,2021,Gurugram
agri10x,AgriTech,seed,,Agri10x integrates the entire Agri value-chain through a digital cooperative platform by harnessing emerging technologies,2021,Pune
blacksoil,Fintech,,4000000.0,Blacksoil Advisory is an independent boutique advisory firm.,2021,Mumbai
hobspace,Edtech,pre series a,100000.0,HobSpace is a platform for extra-curricular activities online and offline for kids between 3-14 years.,2021,Mumbai
dcodeai,Edtech,,500000.0,EMPOWER LEARNERS TO BE FUTURE READY USING AI,2021,New Delhi
biocon biologics,BioTechnology,,70000000.0,"Biocon is a fully integrated pure play biosimilars organization, globally engaged in developing high quality affordable biosimilars.",2021,Bengaluru
kiranakart,E-commerce,pre seed,720000.0,A better model for instant grocery delivery in India.,2021,Mumbai
meddo,Healthcare,pre series a,3000000.0,Meddo is an end-to-end medical services provider,2021,Gurugram
sp robotic works,Edtech,series a,3000000.0,An innovative place to explore next-generation technologies for students and all tech enthusiasts.,2021,Chennai
3sc,Logistics,series b,15000000.0,An end-to-end supply chain analytics company that provides execution and analytics solutions which are comprehensive and customized.,2021,Gurugram
chai waale,Food & Beverages,,600000.0,"A wide range of exotic flavoured chai, in the most hygienic ambience at pocket-friendly prices.",2021,Chennai
minimalist,Cosmetics,series a,10000000.0,Affordable skincare for all,2021,Jaipur
biconomy,Blockchain,,9000000.0,Developer platform to enable a simplified transaction and onboarding experience for Web3 projects,2021,New Delhi
fixcraft,Automotive,pre series a,1000000.0,India's Most Trusted Automotive Repair Brand,2021,Gurugram
slice,Financial Services,,10000000.0,"Slice is India's best credit card challenger to pay bills, manage expenses, and unlock rewards",2021,Bengaluru
90 my tuition app,Edtech,series a,5000000.0,Daskalos Virtual Academy Pvt Ltd is a company set up by a group of professionals who perform innovative work in management.,2021,Bengaluru
wasabi,Consulting,seed,1800000.0,Help small businesses grow their sales via our customer interaction and growth platform.,2021,Bengaluru
strata,Real Estate,series a,6000000.0,Strata is an innovative tech-driven platform redefining Fractional Investments in Premium Commercial Real Estate,2021,Bengaluru
ourbetterplanet,E-commerce,seed,300000.0,A curated online marketplace for all things sustainable!,2021,Bengaluru
murfai,SaaS,seed,1500000.0,"Murf AI is working on simplifying voice audio and making high-quality voice overs accessible to everyone, using artificial intelligence.",2021,Bengaluru
jetsynthesys,Media,,2000000.0,"JetSynthesys is the group's most innovative company in the promising Digital and Technology Business World with a vision to create world class digital products, platforms and services in India",2021,Pune
myfitness,Fitness,seed,1000000.0,"A new age D2C health & fitness brand with a mission to deliver products that taste good, feel good and do good.",2021,Silvassa
i am love,Healthcare,seed,4000000.0,"I am Love came into existence in early 2020, with the aim of redefining the relationship we have with our health.",2021,Mumbai
myglamm,D2C,,40000000.0,MyGlamm is India’s fastest growing direct-to-consumer beauty brand.,2021,Mumbai
gumlet,IT,,1600000.0,Gumlet has built a new-age media delivery infrastructure that provides low code or no-code integration plugins that automate the entire media publishing pipeline.,2021,Bengaluru
eloelo,Gaming,pre series a,2000000.0,Creator-led Social Gaming & Live Streaming Platform,2021,Bengaluru
edukemy,Edtech,pre series a,2000000.0,"Edukemy is the first EdTech company in the country, in the non –STEM segment, offering an immersive learning experience to the students, supported by cutting-edge technology and an AI-based evaluation system.",2021,Noida
zingbus,Mobility,pre series a,5000000.0,Zingbus is a renowned brand in the bus operating industry.,2021,Gurugram
newsreach,Media,seed,300000.0,NewsReach is a Mumbai based company that wants to create a disruptive ecosystem of original and local news content.,2021,Ahmedabad
pencilton,Fintech,pre seed,330000.0,"India's first app for kids & teens to manage and spend pocket money while learning about money in a fun, gamified way.",2021,Hyderabad
bandhoo,IT,,1000000.0,"Bringing ease of eCommerce to Construction for builders, infrastructure companies, contractors and workers",2021,Gurugram
ixigo,IT,,53000000.0,"AI-based travel app offering seamless planning and booking for flights, trains, buses, hotels and more!",2021,Gurugram
the whole truth,Food & Beverages,series a,6000000.0,"Believe simple, homely ingredients, minimally processed, are the secret to nutritious, tasty food",2021,Mumbai
insane ai,Fitness,seed,800000.0,Mainstream fitness formats are a primitive solution to the modern problems of a sedentary lifestyle.,2021,Bengaluru
learn4o technology,Edtech,seed,,"Trying to solve the problem of unemployment in young graduates, who, despite having college degrees, don't have the skills for the real world.",2021,Jaipur
droom,Automobile,,200000000.0,"Droom is an AI and data science driven online transactional platform, which offers 21st century experience in buying & selling used & new automobiles in India",2021,Gurugram
skymet,Environmental Services,,1000000.0,Provide services that allow clients to understand and organize themselves around changing environment.,2021,Noida
go swift,Consumer Services,pre series a,2000000.0,Help small & medium sized businesses to grow by helping them with their shipping requirements at the cheapest and most reliable service.,2021,Bengaluru
mamaearth,Healthcare,,50000000.0,A brand which develops products from world-class research and attempts to solve every little problem that we as parents face.,2021,Gurugram
goat,D2C,series a,36000000.0,G.O.A.T Brand Labs provides a tech-enabled platform for D2C brands to scale.,2021,Bengaluru
keeros,Food & Beverages,pre series a,,"Keeros Roasted Supersnacks that are Healthy for All, Safe for Diabetics.",2021,Lucknow
redesyn,Merchandise,pre series a,300000.0,"Merchandise drop-shipping platform for influencers, designers, creators & brands.",2021,Mumbai
inspacco,Facilities Services,,200000.0,"For residential commercial and industrial establishments , Inspacco is a one stop solution , that delivers affordable improvement and maintenance services",2021,Pune
knorish,Edtech,pre series a,1000000.0,"Saas platform offers a feature packed platform enables businesses, experts, professionals, artists, instructors, specialists, coaches, people seeking work from home opportunities",2021,Gurugram
dozee,Healthcare,series a,5000000.0,"Dozee is India's only contactless health monitor that silently tracks your heart, respiration, sleep patterns, stress levels, cardiac contractions, apnea and more while you sleep.",2021,Bengaluru
blackbuck,Logistics & Supply Chain,series e,67000000.0,BlackBuck marks the beginning of a new path in trucking. A path that is organized and makes trucking simple for every shipper and trucker.,2021,Bengaluru
mailmodo,Marketing & Advertising,seed,2000000.0,Mailmodo is a complete email marketing solution enabling users to create and send app-like interactive emails to improve email conversions.,2021,Bengaluru
superbeings,Computer software,seed,,"Continuous Leadership Development & Employee Engagement platform. Improve Leadership, Culture and Experience real-time.",2021,Bengaluru
nirogstreet,Healthcare,series a,2500000.0,Nirogstreet as a concept is working to make #Ayurveda first call of treatment.,2021,New Delhi
hyreo,Human Resources,pre series a,,Hyreo stands for delivering a ‘customer-like’ experience for candidates throughout the recruiting process.,2021,Thiruvananthapuram
godi energy,Automotive,,,GODI is a technology innovation organization focused on the design and manufacturing of green energy storage solutions.,2021,Hyderabad
even,Healthcare,seed,5000000.0,One monthly subscription to cover all your healthcare needs.,2021,Bengaluru
captain fresh,Logistics,series a,12000000.0,A B2B marketplace leveraging technology to deliver the fastest harvest-to-retail in the industry.,2021,Bengaluru
otipy,Food & Beverages,series a,10200000.0,Otipy helps the farmer to deliver farm fresh vegetables & fruits at doorstep.,2021,Gurugram
lenskart,Eyewear,,220000000.0,India's fastest growing eyewear company and largest eyewear company online.,2021,Faridabad
ekacare,Healthcare,,4500000.0,A digitally enabled and connected healthcare ecosystem for better health outcomes.,2021,Bengaluru
braingroom,Edtech,,200000.0,"BrainGroom is an online marketplace for educational, recreational & wellness classes with defined target segment, quantifiable outcomes & specified time duration.",2021,Chennai
edvizo,Consumer Services,pre series a,1000000.0,"Edvizo is an online marketplace to help students and parents find, compare and enroll in the best and trusted private institutes in their locality",2021,Bengaluru
credenc,Fintech,,25000000.0,An education loan platform to finance meritorious students for the college expenses by underwriting future employability,2021,New Delhi
globalbees,D2C Business,series a,150000000.0,Globalbees partners with entrepreneurs who have built an online-first business.  Our team scales up D2C businesses in India and abroad.,2021,New Delhi
spinny,Automotive,series d,108000000.0,Spinny is a new age used car end-to-end platform in India.,2021,Gurugram
mynvax,Biotechnology,series a,4000000.0,Mynvax is a pre-clinical stage vaccine biotechnology. Current develop programs include a recombinant vaccine for human influenza and COVID19.,2021,Bengaluru
risebird,Human Resources,,500000.0,RiseBird provides on-demand 2.5K + expert video interviews and A.I. powered insights to help companies hire online.,2021,Pune
uvi health,Healthcare,pre seed,330000.0,Digital health platform delivering personalized care for women’s sexual and reproductive health concerns,2021,Bengaluru
vegrow,Farming,,13000000.0,Vegrow is in the business of fresh fruits & vegetables with addressable market size of $43 Billion.,2021,Bengaluru
automovill,Automotive,,500000.0,"Automovill is a unique platform to aggregate automobile service providers, where we connect vehicle owners with all kind of automobile service providers under one roof.",2021,Bengaluru
nftically,NFT Marketplace,seed,,"NFT Marketplace to buy or sell NFT tokens in minutes or set up your own NFT store, website, a storefront in minutes.",2021,Gurugram
healthifyme,Healthcare,series c,75000000.0,HealthifyMe is a revolutionary health and fitness application that is on a mission to transform a billion lives!,2021,Bengaluru
galaxycard,Fintech,,450000.0,GalaxyCard is a mobile based Instant Credit Card.,2021,Gurugram
bella vita organic,Healthcare,,10000000.0,Bella Vita Organic or ‘The Good Life’ is dedicated to creating handcrafted and organic beauty solutions inspired by the natural elements of the earth and age old beauty best practices.,2021,Gurugram
smartcoin,Fintech,,10000000.0,India's Most Preferred Instant Loan App,2021,Bengaluru
careerninja,Edtech,seed,,"Careerninja Is A Funded, Early-stage Ed-tech Venture Building A Personalized Learning Platform To Help People Achieve Their Career Goals",2021,Mumbai
mysun,Solar,,2000000.0,"India's Largest Online Rooftop Solar Platform for SMEs, Industries & Homes",2021,New Delhi
sea6 energy,Biotechnology,series b,9000000.0,"Sea6 Energy envisions a future where the abundant oceans will be our biomass farms of tomorrow - to provide solutions in energy, agriculture and food.",2021,Bengaluru
beco,Consumer Goods,seed,500000.0,"Eco-friendly home and kitchen care products that are plastic-free, high in quality and affordable.",2021,Mumbai
onecode,Internet,,5000000.0,"OneCode is a platform which connects new age digital first brands with ""relevant"" sellers (aka OneCoders) to sell their products and services",2021,Bengaluru
medpay,Information Technology,seed,1200000.0,MedPay® is building the real-time claims adjudication platform for health insurers.,2021,Bengaluru
inshorts,Internet,,60000000.0,Built Inshorts with a promise to deliver news,2021,Noida
digantara,SpaceTech,seed,2500000.0,"Digantara is an Indian Space Technology Company incubated at Indian Institute of Science (IISc), establishing a space-based surveillance platform with global realtime earth coverage",2021,Bengaluru
aqgromalin,AgriTech,seed,700000.0,Aqgormalin is a tech driven farm diversification platform enabling farmers to diversify into Animal Husbandry and Aquaculture.,2021,Chennai
square yards,Real Estate,,25000000.0,India’s largest tech enabled Real Estate Brokerage and Mortgage Marketplace,2021,Gurugram
oyo,Hospitality,,660000000.0,OYO is a global platform that empowers entrepreneurs and small businesses with hotels and homes by providing full-stack technology,2021,Gurugram
slang labs,Computer software,,,Slang Labs provides accurate and multilingual in-app voice assistants for Android and web apps,2021,Bengaluru
niroggyan,Healthcare,seed,,"Simplifying Diagnostics for labs, doctors, and people.",2021,Gurugram
ola electric,Automotive,debt financing,100000000.0,Ola Electric - The future of mobility is here.  Charging ahead to accelerate the world’s transition to sustainable mobility.,2021,Bengaluru
bikry app,Consumer software,,1300000.0,"Bikry, a Direct-to-Customer platform to start your online store within 30 seconds at 0% commission",2021,Noida
oliveboard,Edtech,,3000000.0,Oliveboard is the top exam preparation platform for Banking & Government Exams.,2021,Bengaluru
little leap,Edtech,,,Soft Skills that make Smart Leaders,2021,New Delhi
trell,Social commerce,series b,45000000.0,India's Largest Lifestyle Social Commerce platform. Empowering millions of storytellers & Micro-Entrepreneurs.,2021,Bengaluru
kredent,Edtech,,1000000.0,Kredent Academy is the unique concept where financial market professionals have taken the onus of creating a strong knowledge bank in their area of expertise,2021,Kolkata
easyaspataal,Healthcare,seed,500000.0,India’s First Digital Admission Desk for Hospitalisation.,2021,Mumbai
smoor,Food & Beverages,,,Instigate your sixth sense with our new range of chocolates.,2021,Bengaluru
pankhuri,Social community,,3200000.0,"Pankhuri is a women's only community for members to socialize, explore and upskill through live interactive courses, expert chat and interest-based clubs.",2021,Bengaluru
arcana,Information Technology,seed,370000.0,Arcana is the Storage Layer of Ethereum.,2021,Bengaluru
admitkard,Edtech,,,A tech solution for end to end career advisory to students looking to study abroad.,2021,Noida
urbankisaan,Food & Beverages,,,A modern farms close to where your home is. Creating positive change at every step from seed to store ensuring quality and traceability.,2021,Hyderabad
aquaconnect,Fishery,pre series a,4000000.0,Aquaconnect is a global full-stack aquaculture technology venture that provides data-driven farm advisory and marketplace solutions to fish and shrimp farmers,2021,Chennai
vah vah,Edtech,,1800000.0,A mission to educate India and make its young and dynamic population job ready.,2021,Bengaluru
letsdressup,Apparel & Fashion,pre series a,300000.0,Building India's version of Stitch Fix,2021,Gurugram
sapio analytics,Computer software,,150000.0,Aim to provide the most intelligent AI-powered policy making solutions for government institutions across the world.,2021,Mumbai
bhyve,Human Resources,,,A Future of Work Platform for diffusing Employee Tacit Knowledge and enabling Peer Learning Networks,2021,Mumbai
indi energy,Renewables & Environment,seed,,"Indi Energy is an energy storage startup involved in R&D of next generation battery technologies, with superior performance than current counterparts.",2021,Roorkee
the ayurveda co,Consumer Goods,,,The Ayurveda Co. represents things that are all Ayurvedic at heart and are suited for the contemporary landscape.,2021,Gurugram
pratilipi,Online storytelling,,48000000.0,"Pratilipi is the largest Indian language self-publishing platform with over 350,000 authors and more than 28,000,000 unique monthly readers.",2021,Bengaluru
ati motors,Automotive,pre series a,35000000.0,Autonomous industrial vehicle maker,2021,Bengaluru
pear,Deeptech,pre series a,300000.0,An AR / VR tech based Start-up in Mumbai.,2021,Mumbai
gourmet garden,Farming,,3000000.0,"100% contamination free, pesticide free naturoponically grown vegetables.",2021,Bengaluru
the sleep company,Consumer Goods,pre series a,1000000.0,Patent Pending sleep technology developed by actual Rocket Scientists and sleep experts after years of research.,2021,Mumbai
tyreplex,B2B E-commerce,seed,,Tyreplex is digitizing the tyre dealers in India.,2021,New Delhi
ion energy,Automotive,pre series a,3600000.0,Advanced Electronics & Software Supplier for Electric Vehicles & Battery Energy Storage,2021,Mumbai
digit insurance,Insuretech,,200000000.0,"Digit becomes the first Unicorn of 2021, valued at $1.9B.",2021,Bengaluru
fraazo,Food & Beverages,series a,11000000.0,FRAAZO is Mumbai's favourite App for Fresh Vegetables and Fruits coming straight from the Farm to your Doorstep within 18 Hours.,2021,Mumbai
licious,Food & Beverages,series f,192000000.0,"Licious is a consumer food company, focussed at delighting the world with an unmatched range of meat & meat products.",2021,Bengaluru
winzo,Gaming,series c,65000000.0,WinZO is the largest social gaming and entertainment platform in India.,2021,New Delhi
furlenco,Consumer Goods,,100000000.0,Furlenco is a different furniture company.,2021,Bengaluru
skylark drones,Aviation,pre series a,3000000.0,"Enterprise drone solutions that help plan, build, and sustain the world we live in.",2021,Bengaluru
leegality,IT company,pre series a,,"The market standard for eSign, eStamp and Document Workflow in India. Eliminating paper from paperwork since 2016",2021,Gurugram
arcatron mobility,Healthcare,,,Mission is to advance global standards of assisted living and make it dignified and safer.,2021,Pune
twid,Fintech,,2500000.0,"TWID is shaping the future of Digital Currencies, delivering new-age fintech solutions",2021,Bengaluru
peakperformer,Edtech,seed,,"A goal-oriented, outcome-driven platform to make leadership coaching accessible to all.",2021,Bengaluru
mymobiforce,Internet,pre series a,1400000.0,"Crowdsourcing platform imparting best-in-class services with immensely talented, skilled & qualified workforce pan-India",2021,Noida
pine labs,Information Technology,,600000.0,A merchant platform company that provides financing and last-mile retail transaction technology to merchants,2021,Noida
genworks health,Healthcare,,2000000.0,GENWORKS Health is an initiative by GE for empowering healthcare professionals operating in the rural areas to deliver better medical facilities and diagnostics while keeping things affordable.,2021,Bengaluru
pocketly,Fintech,,,"Pocketly provides quick cash on hand, anytime - anywhere!",2021,Bengaluru
neverinstall,Information Technology,seed,370000.0,A cloud platform to bring any GUI application regardless of OS and Device type to the browser.,2021,Bengaluru
corover,Information Technology,,,CoRover is the world’s first and the highest ROI delivering human-centric conversational AI platform.,2021,Bengaluru
beato,Healthcare,pre series b,5000000.0,ULTIMATE app to manage chronic conditions.,2021,New Delhi
earth rhythm,Cosmetics,seed,1200000.0,A mission to make customers healthier and Earth a little greener.,2021,Gurugram
fountain9,Computer software,seed,1900000.0,"Fountain9 is a Y Combinator backed company, which offers predictive inventory planning and optimization software for e-commerce, DTC and retail companies.",2021,Mumbai
rockclimber,Food & Beverages,,1000000.0,RockClimber is a new age beverage brand with a portfolio of alcoholic and non alcoholic drinks.,2021,Bengaluru
spedhome,Edtech,,300000.0,"Provide Remediation, Occupational Therapy, Speech Therapy and Socio-emotional coaching for children with Learning Disabilities like Dyslexia, Dysgraphia, Dyscalculia",2021,Mumbai
canpe,Computer software,seed,,"Digital-first debt collections platform that is driven by compassion, and powered by AI.",2021,Bengaluru
green soul,Consumer Goods,,200000.0,Green Soul is No.1 brand on Amazon India in Ergonomic chairs category in terms of customer reviews.,2021,Ambernath
shiprocket,Logistics,series d,41000000.0,India's #1 eCommerce Logistics and Shipping Solution Empowering over 1 Lakh Indian eCommerce Sellers.,2021,New Delhi
dealshare,Retail,,144000000.0,The next generation disruptive (social) e-commerce product for the masses.,2021,Bengaluru
teachmint,Edtech,pre series b,20000000.0,Teachmint is an all-in-one education technology platform created specifically for the tutors of the digital age.,2021,Bengaluru
vahak,Transportation,pre series a,5000000.0,Building India's Largest & Most Trusted Online Transport Marketplace & Directory,2021,Bengaluru
gostops,Hospitality,pre series a,1000000.0,goSTOPS aims to be India’s biggest and most loved backpacker hostel brand.,2021,New Delhi
codedamn,Computer software,pre seed,,Codedamn enables anyone to learn and practice real-world programming skills and become industry relevant through our learning paths.,2021,New Delhi
biocraft innovation technology,Environmental service,pre seed,,Innovation startup developing bamboo resources of India to be used in industrial use by developing injection moulding granules,2021,Noida
powerplay,Construction,,5200000.0,Powerplay helps simplify end to end Construction and Architecture project management.,2021,Bengaluru
accio robotics,Industrial Automation,,,Accio Robotics is involved in the designing and manufacturing of state-of-the-art Robotics Automation solutions.,2021,Bengaluru
delhivery,Logistics,series h,270000000.0,"Delhivery is a supply chain services company that provides transportation, warehousing, freight, and order fulfillment services.",2021,Gurugram
avishkaar,Edtech,pre series a,600000.0,India's leading Ed-Tech startup spearheading the Maker Revolution in the sub-continent,2021,New Delhi
jobsgaar,Job discovery platform,seed,140000.0,India's first District level/ Hyper Local Job discovery platform,2021,New Delhi
almo,D2C Fashion,seed,,Almo is a Premium Men's essentianls wear brand focused on bringing sophisticated yet functional designs to wardrobe.,2021,Gurugram
breathe wellbeing,Healthcare,pre series a,1000000.0,Breathe Wellbeing is an interactive and personalized platform that helps organization increase employee engagement and productivity.,2021,New Delhi
galaxeye,SpaceTech,pre seed,,GalaxEye enables businesses to make better Decisions & perform operations efficiently via Space Technology.,2021,Chennai
good health clinic,Healthcare,,5000000.0,Full Stack Digital Health Clinic,2021,Hyderabad
urban company,Home services,series f,250000000.0,Urban Company is an India-based company providing a marketplace for freelance labor.,2021,New Delhi
mybyk,Rental,pre series a,1000000.0,MYBYK is an app that provides premium bicycle sharing and rental service.,2021,Ahmedabad
locus,Logistics,series c,50000000.0,Locus is an intelligent decision-making and automation platform for logistics.,2021,Bengaluru
crejofun,Edtech,seed,3000000.0,Crejo.Fun is a digital extracurricular learning platform being built with an intent to help children discover their passions and interests through creative learning.,2021,Bengaluru
bambinos,Edtech,seed,500000.0,Cohort based extracurricular course for kids,2021,Bengaluru
kreditbee,Fintech,,8000000.0,KreditBee is a digital lending platform developed to assist young professionals with their personal finances.,2021,Bengaluru
spardha,Edtech,pre series a,400000.0,"Spardha School Of Music, Spardha Academy, Spardha Online are associated marks with Spardha Learnings Private Limited.",2021,Pune
onelife nutriscience,Healthcare,,,Onelife Nutriscience is a consumer healthcare brands company.,2021,Mumbai
flatheads,Fashion,,,Flatheads is a lifestyle brand that designs and creates shoes from India for the world. Flatheads launched India's first bamboo footwear.,2021,Bengaluru
fable fintech,Fintech,series a,,"Fable Fintech is being seed-funded by the CCAvenue Group, South East Asia’s number 1 eCommerce service provider",2021,Mumbai
holisol,Logistics,,3000000.0,HoliSol Logistics Is a Supply Chain Operations Company!,2021,New Delhi
nowme,Healthcare,,1000000.0,"Now&Me is a safe cocoon in the form of discussion forums, for you to let out your most intimate thoughts.",2021,New Delhi
fyllo,AgriTech,seed,400000.0,Fyllo brings farms on palms by installing on field devices and actions on top of this data.,2021,Bengaluru
cora health,Healthcare,,,Social Commerce Marketplace for health and wellness. Help people discover products suited to their health needs.,2021,Bengaluru
blaer motors,Mobility,,300000.0,Meant to augment human power and not completely replace it,2021,Chennai
swiflearn,Edtech,pre series a,3000000.0,Swiflearn provides online tuition classes to small batches to ensure personalised learning.,2021,Gurugram
cashfree,Fintech,,,Cashfree is a payments and banking technology company that enables businesses in India to collect payments online and make payouts.,2021,Bengaluru
quicksell,E-commerce,pre series a,2000000.0,B2B Mobile Commerce Platform,2021,Mumbai
truemeds,Heathcare,series a,5000000.0,Truemeds is a health-tech startup.,2021,Mumbai
candes,E-commerce,,3000000.0,Candes is a home appliances company providing a complete range of home & kitchen electrical appliances at affordable prices.,2021,New Delhi
medibuddy,Heathcare,,3000000.0,"MediBuddy is a digital healthcare platform for inpatient hospitalization, outpatient services, and corporate wellness benefits.",2021,Bengaluru
f5,Food & Beverages,pre series a,300000.0,F5 is a foods and beverages company.,2021,New Delhi
capital float,Fintech,,6000000.0,Capital Float is an online platform that provides working capital finance to SMEs in India.,2021,Bengaluru
intellewings,IT startup,seed,100000.0,"IntelleWings develops Sanctions & Anti-money laundering solutions with a clear, concise, and fresh perspective.",2021,Panchkula
shyplite,Logistics,,1000000.0,Enable E-retailers to automate their logistics and increase efficiency in shipments by providing a single window shipping platform,2021,New Delhi
refyne,Fintech,series a,20000000.0,Refyne partners with organisations to extend on-demand Earned Wage Access (EWA) to employees.,2021,Bengaluru
greenjoules,Renewable Energy,series a,4500000.0,Greenjoules is a green energy technology startup that specializes in making renewable biofuels.,2021,Pune
mentorkart,Consulting,seed,150000.0,MentorKart™ helps to fulfil dreams and take that big step towards success.,2021,New Delhi
leverage edu,Edtech,debt financing,2000000.0,AI-enabled marketplace designed to help students with their higher education and career growth plans,2021,New Delhi
kale logistics,Logistics,series a,5000000.0,Kale Logistics Solutions is a global IT solutions provider focused on providing cutting-edge technology solutions to the Logistics industry.,2021,Thane
customerglu,CRM,,320000.0,CustomerGlu is a Low code Interactive Engagement platform to improve user stickiness.,2021,Bengaluru
cell propulsion,EV startup,,2000000.0,Cell Propulsion is a fleet electrification company developing solutions for large scale electrification of commercial vehicle fleets.,2021,Bengaluru
wellbeing nutrition,Healthcare,,,Organic whole food nutrition to keep up with the pace at which we live,2021,Mumbai
pee safe,Healthcare,pre series b,3000000.0,Redcliffe Hygiene Private Limited is India's fastest growing hygiene company.,2021,Gurugram
chqbook,Fintech,,1000000.0,"Chqbook is a fintech startup that allows customers to explore, compare, book and get personal finance products.",2021,New Delhi
simplicontract,Software,seed,1800000.0,"SimpliContract is an Enterprise SaaS offering, focused on end to end Contract Life-cycle Management.",2021,Bengaluru
dropshop,Logistics,pre series a,1000000.0,Building technology to make distribution efficient and cheaper for large and small FMCG companies,2021,Bengaluru
jumbotail,E-commerce,debt financing,4000000.0,Jumbotail is an operator of an online marketplace that simplifies food and grocery shopping.,2021,Bengaluru
byjus,Edtech,,350000000.0,BYJU'S is an educational technology company that develops personalized learning programs for K-12 students.,2021,Bengaluru
power gummies,Nutrition,,1000000.0,Power Gummies are a team of passionate givers who are dedicated to catering nutritional supplements,2021,New Delhi
convosight,SaaS,series a,9000000.0,A mission - to help community builders become community entrepreneurs.,2021,New Delhi
junio,Fintech,seed,600000.0,Junio is a kids-focused digital pocket money-smart card.,2021,New Delhi
wherehouseio,Logistics,seed,,"Wherehouse.io is a supply chain intelligence company, helping brands to move closer to their customers enabling faster and better deliveries and accelerating business growth.",2021,New Delhi
flexmoney,Fintech,series a,4800000.0,"Flexmoney’s mission is to address the enormous digital credit market opportunity created by the disruption from e-commerce, EMI and BNPL checkout finance",2021,Mumbai
fampay,Fintech,series a,38000000.0,India's first numberless card and UPI without a bank account,2021,Bengaluru
apna,Human Resources,series b,70000000.0,India's Professional App - Apna is dedicated to solving the problem of unemployment at the grassroot level,2021,Bengaluru
xyxx apparels,Fashion,series a,4000000.0,"XYXX Apparels,which runs an eponymous innerwear brand",2021,Surat
waterscience,D2C startup,,,The aim of making good water affordable and accessible.,2021,Bengaluru
browserstack,SaaS,series b,200000000.0,BrowserStack is a leading software testing platform powering over two million tests every day across 15 global data centres.,2021,Mumbai
vital,Insuretech,pre series a,3000000.0,"An affordable, digital health plan built around to cover both big and small expenses",2021,New Delhi
juicy chemistry,Healthcare,,,Juicy Chemistry operates as an eponymous consumer brand.,2021,Coimbatore
samaaro,SaaS,,125000.0,"Samaaro is a virtual event platform designed to help organizations host scalable, secure, and effective virtual events for a global audience",2021,Bengaluru
imagimake,Innovation management,pre series a,500000.0,An innovative play system to help children create their imagination,2021,Mumbai
msmex,Edtech,pre series a,1000000.0,MSMEx connects micro and small Business Owners with curated Business Experts over live video.,2021,Andheri
renewbuy,Insuretech,series c,45000000.0,Simplest way to renew car insurance. Get quote and insure car in couple of minutes,2021,Gurugram
saarthiai,AI startup,seed,,Multilingual Conversational Enterprise AI Platform for omnichannel automation of customer journeys in the user's native language.,2021,Bengaluru
kutumb,Community platform,series a,26000000.0,Kutumb is a social community enabler.,2021,Bengaluru
superplum,AgriTech,pre series a,3800000.0,Building India's most sophisticated platform for high quality fresh food,2021,Noida
upside ai,Fintech,seed,1200000.0,Upside AI on the thesis that technology will make better investing decisions than humans over the long term.,2021,Mumbai
pazcare,Insuretech,,,Paz Care is India's leading Employee Benefits & Health insurance platform,2021,Bengaluru
answer genomics,Healthcare,,,A healthcare company that uses genome-based data to help individuals make decisions.,2021,Bengaluru
skillmatics,Edtech,series a,6000000.0,Skillmatics develops learning games for pre-school and primary school kids aged under 10,2021,Mumbai
bimaplan,Insuretech,pre series a,2500000.0,Affordable insurance for the next billion Indians,2021,Bengaluru
bueno finance,Fintech,seed,3000000.0,"Bueno Gig Growth Technologies Pvt Ltd (""Bueno Finance"") is a financial services platform which aims is to help improve the financial health of customers.",2021,Gurugram
citymall,E-commerce,series b,22000000.0,CityMall is a social e-commerce platform that sells lifestyle and curated products via peer-to-peer referrals on WhatsApp.,2021,Gurugram
byjus,Edtech,,50000000.0,BYJU'S is an educational technology company that develops personalized learning programs for K-12 students.,2021,Bengaluru
india quotient,Venture capitalist,,64000000.0,India Quotient is a new type of early stage investor. We fund companies building disruptive businesses aimed at Indian consumers. We're,2021,Mumbai
the switch fix,Healthcare,seed,,The Switch Fix is a plant-based clean and conscious personal care brand for young urbans.,2021,Gurugram
digisparsh,Fintech,seed,,DigiSparsh is India's first and only healthcare fintech platform which aims to make healthcare facilities accessible to everyone in the country.,2021,Mumbai
coffeemugai,Networking,pre seed,620000.0,"A video first global platform of senior professionals, connecting 1:1, virtually or over coffee, building a powerful, long-lasting relationship.",2021,New Delhi
pathfndrio,SaaS,pre series a,,Intelligent Travel Tech Stack making sense of the world's information by scanning billions of data points and ranking destinations,2021,Bengaluru
bigleap,Recruitment,,600000.0,BigLeap Technologies & Solutions is focused on providing viable offshore consultancy services for enterprises looking to grow their business.,2021,Hyderabad
kazam,EV startup,seed,900000.0,"Kazam provides end to end Electric Vehicle charging solutions for Office Spaces, Apartments, Restaurants, Shops",2021,Bengaluru
myre capital,Commercial Real Estate,,,Democratising Real Estate Ownership,2021,Mumbai
bimape,Fintech,pre seed,500000.0,BimaPe demystifies Insurance and its Management for individuals and families across India. 'BimaPe Bharosa Karo',2021,Mumbai
microdegree,Edtech,,,MicroDegree is an ed-tech platform working towards democratising technology and job ready skills for Bharat.,2021,Mangalore
saarthi pedagogy,Edtech,,,"India's fastest growing Pedagogy company, serving to school as an academic growth partner and provide 360° solutions to schools on Academic Strategies",2021,Ahmedabad
synapsica,Healthcare,series a,4000000.0,Artificial Intelligence tools to make quality diagnostic assessment available for all.,2021,New Delhi
kwik foods,Food & Beverages,seed,,Kwik Foods is one of the fastest-growing D2C fresh food brands that is disrupting the food industry,2021,Gurugram
plutomen,AR startup,,300000.0,Plutomen Technologies Pvt Ltd founded in Nov 2016 is recognized start-up by DIPP in the field of Emerging Technology.,2021,Ahmedabad
gomechanic,Automotive,series c,42000000.0,"GoMechanic is India’s leading multi-brand car service company, committed to making the car servicing experience hassle-free & easy for everyone.",2021,Gurugram
grinntech,Automotive,,2000000.0,"Grinntech is an investor backed, growth phase start-up, leading on all front of battery design for EV applications.",2021,Chennai
nobel hygiene,Healthcare,,60000000.0,"Nobel Hygiene is one of the leading disposable hygiene care products manufacturer in the country with an ISO 9001:2015 and CE certification, headquartered in Mumbai.",2021,Mumbai
green cure,Healthcare,pre series a,,World's first company to combine German Engineering with Indian Ayurveda in health products,2021,New Delhi
classplus,Edtech,series c,65000000.0,Classplus was born out of an urge to redefine classroom engagement in this country.,2021,Noida
windo,E-commerce,seed,500000.0,Convert Instagram Page Into an Online Store in under 2-minutes. Create a free online store and automate your sales.,2021,Hyderabad
apnaklub,E-commerce,pre series a,,Supporting independent businesses and retail entrepreneurs with better than market wholesale prices and supply chain.,2021,Bengaluru
legalpay,Fintech,,,A tech focused B2B litigation finance company in India.,2021,New Delhi
lavado,Consumer service,,,A startup that is trying to permanently change the way people approach the cleaning and maintenance of their apparel and accessories.,2021,Mumbai
navars,Edtech,,,"Navars Edutech comprises dynamic mix of intellectual professionals, managerial team, Subject matter experts and Astronomy and Space researchers.",2021,Hyderabad
gobolt,Logistics,series b,20000000.0,"GoBOLT is a tech-logistics company operating in Line Haul & Short Haul Trucking, creating value through dis-intermediation, increased asset utilization and extensive use of technology.",2021,Gurugram
loco,Gaming,seed,9000000.0,Loco is India's leading live game streaming app.,2021,Bengaluru
auric,Healthcare,pre series a,2000000.0,Contemporary Beauty & Wellness Brand Based on Ayurveda,2021,New Delhi
edmingle,Edtech,,300000.0,Edmingle is a platform for all educators who want to launch their courses and sell them online.,2021,Bengaluru
slice,Fintech,,20000000.0,"Slice is India's best credit card challenger to pay bills, manage expenses, and unlock rewards.",2021,Bengaluru
humit,Music,pre seed,,Humit is a social networking app for music sharing and discovery.,2021,Bengaluru
airblack,IT startup,series a,5200000.0,Airblack is on a mission to help people convert their passion to a livelihood.,2021,Gurugram
niramai,Healthcare,,,"NIRAMAI has developed a novel breast cancer screening solution that uses Thermalytix, i.e. machine intelligence over thermography images.",2021,Bengaluru
intervue,SaaS,seed,,World's fastest collaborative environment to take tech interviews.,2021,New Delhi
nestroots,Fashion,seed,100000.0,"Ottoman, Stool, Brass Kitchen Solutions, Masala Box, Roti Box, Bar Accessories and Many Gifting Options at Nestroots.",2021,Gurugram
detect technologies,Automation,,12000000.0,Detect Technologies is a leading Industrial AI company that is building innovative solutions and cutting-edge technology for the industrial ecosystem.,2021,Chennai
credr,Automotive,,6500000.0,CredR is India’s Most Trusted Used Two-Wheeler Consumer Brand that leverages Technology & Processes to simplify the Used Two-wheeler Market.,2021,Bengaluru
fourth partner energy,Solar,,125000000.0,"Fourth Partner Energy is India’s leading distributed solar energy firm focusing on building and financing solar projects across the private and public sectors for commercial, industrial and institutional entities.",2021,Hyderabad
tablt,Healthcare,series a,3000000.0,TABLT [Previously Sabse Sasta Dukaan] is one of India's most trusted online pharmacy dealing in medicines and other healthcare products.,2021,Kolkata
hesa,IT startup,seed,2000000.0,HESA is connecting Bharat with India and India with Bharat Phygitally. We are bridging the gap for the world’s largest customer base that resides in rural India.,2021,Hyderabad
powerhouse91,Consumer goods,seed,,"A tech-driven company that acquires, operates, and scales outstanding ecommerce brands in India.",2021,Gurugram
nalanda learning,Edtech,,5000000.0,India's 1st Online Preschool with Blended Learning Model,2021,Kolkata
chargeup,Renewable Energy,pre series a,,"""Battery as a Service"" for 3 wheeler & 2 wheelers",2021,New Delhi
knackit,IT startup,,100000.0,Knackit is a talent sharing platform where users can showcase and monetize their artistry.,2021,Bengaluru
treebo hotels,Hospitality,series d,16000000.0,Treebo Hotels is India's most loved hotel chain in the premium-budget segment.,2021,Bengaluru
raptee energy,Automotive,,700000.0,Raptee Energy Inc. is looking to accelerate the transition to smart and sustainable mobility!,2021,Chennai
meddo,Healthcare,,6000000.0,Meddo (Arctern Healthcare) are re-defining how primary and secondary healthcare is provided in India through a connected care delivery platform.,2021,Gurugram
supertails,Pet care,pre series a,2600000.0,Supertails is building a digital pet care platform which offers expert led healthcare services and products.,2021,Bengaluru
skillovilla,Edtech,seed,300000.0,Mission to support young graduates in enhancing their learnings and transform them into big earnings.,2021,Bengaluru
cancer clinics,Healthcare,pre series a,1500000.0,"Cancer Helpline is a source of information and support, helping with all the things that people affected by cancer want and need.",2021,Telangana
velocity,Fintech,seed,1300000.0,Velocity provides revenue-based-financing to online businesses. It aims to build the future of banking and financial services for new age businesses in India.,2021,Bengaluru
happy jars,Food & Beverages,seed,400000.0,"Manufacture and retail a delicious range of all-natural nut butters, made without oil, sugar or preservatives.",2021,New Delhi
inshorts,Media,,40000000.0,Inshorts is a news aggregator application that collects and summarizes news based on user behavior and preferences.,2021,Noida
extraaedge,MarTech,pre series a,1000000.0,Data Science powered - Admission & Marketing CRM Automation for Education Enrolments,2021,Pune
zotalabs,Tech Startup,seed,1250000.0,Zotalabs gives the power of Emerging Technology to your digital automation with our easy to use APIs.,2021,Pune
voiro,Advertisement,pre series a,1800000.0,Voiro is the first all-in-one revenue management suite exclusively for ad-led digital publishers across media.,2021,Bengaluru
dream sports,Gaming,,400000000.0,"Dream Sports is India’s leading sports technology company with brands such as Dream11, FanCode, DreamX and DreamSetGo in its portfolio.",2021,Mumbai
safex chemicals,AgriTech,,50000000.0,Safex Chemicals India Ltd is a leading company having a strong foothold in the Indian agrochemicals industry.,2021,New Delhi
instoried,Content creation,,,Instoried is an augmented writing platform which improves customer interest and engagement.,2021,Bengaluru
rupifi,Fintech,pre series a,4100000.0,Rupifi operates a software-as-a-service (SaaS) firm focussed on financial products.,2021,Bengaluru
moneyboxx,Fintech,debt financing,3000000.0,Moneyboxx Finance provides easy access to financing to the deserving micro enterprises.,2021,Mumbai
citymall,E-commerce,series a,11000000.0,CityMall is a social e-commerce platform that sells lifestyle and curated products via peer-to-peer referrals on WhatsApp.,2021,Gurugram
janani,Heathcare,seed,1000000.0,Janani.ai is a fertility care provider.,2021,Bengaluru
reshamandi,AgriTech,seed,1700000.0,India's 1st award winning technology led digital ecosystem for Silk,2021,Bengaluru
bombay shaving company,Lifestyle,,2000000.0,"Bombay Shaving Company is a consumer goods company that focuses on developing a range of shave care, beard care, and skincare products.",2021,New Delhi
dotpe,Fintech,series a,27000000.0,DotPe is a technology start-up providing a commerce and payments platform to offline enterprise businesses.,2021,Gurugram
homingos,Augmented reality,,,Homingos is an Augmented reality (AR)-based social networking platform.,2021,Bengaluru
anar business community,Tech Startup,,,Anar is a communications and networking platform for businesses around the world.,2021,Mumbai
five star finance,Fintech,,234000000.0,Five-Star is a Registered Non Banking Finance Company (NBFC) with Reserve Bank of India (RBI).,2021,Chennai
settlrs,Rental space,pre series a,,"A B2B rental services company for furniture, home appliances, electronic and IT infrastructure.",2021,Bengaluru
byjus,Edtech,series f,460000000.0,BYJU'S is an educational technology company that develops personalized learning programs for K-12 students.,2021,Bengaluru
annapurna finance,Fintech,,30000000.0,Annapurna Microfinance is a microfinance venture that works for the financial and economic upliftment of underserved and unreached women.,2021,Bhubaneswar
healthplix,Healthcare,series b,13500000.0,HealthPlix is a healthtech startup,2021,Bengaluru
masai school,Edtech,series a,5000000.0,Masai School is a job-oriented software training services.,2021,Bengaluru
bewakoof,D2C Fashion,,4000000.0,"Society perceives Bewakoof as stupid.But what does society call Bewakoof?Often, it’s anything different or anything that’s done differently.",2021,Mumbai
indialends,Fintech,,5100000.0,IndiaLends is a digital lending and borrowing marketplace.,2021,New Delhi
stelis biopharma,BioTechnology,series b,195000000.0,Stelis Biopharma is a vertically integrated biopharmaceutical company.,2021,Bengaluru
tilt,Bike Rental,,125000.0,A bike-share for Indian campuses,2021,Bengaluru
neodove,AI startup,seed,15000000.0,"Neodove is an AI-powered, end to end tech-enabled customer communication and reporting solution.",2021,Jaipur
zaara biotech,BioTechnology,,10000000.0,India's First Algal-seaweed Biotechnology Students' Startup in collaboration with ICAR- Central Institute of fisheries and Technology,2021,Kottayam
kreditbee,Fintech,seed,75000000.0,KreditBee is a digital lending platform developed to assist young professionals with their personal finances.,2021,Bengaluru
true balance,Fintech,debt financing,10000000.0,True Balance is a digital wallet that enables users to access utility bill payment and other financial products.,2021,Gurugram
muvin,Fintech,seed,1000000.0,Youth Neobank enabling financial solutions for the teenagers and young people,2021,Bengaluru
purplle,Beauty products,,45000000.0,"Purplle is an online store selling cosmetics, fragrances, skin, and hair care products.",2021,Mumbai
flobiz,Tech Startup,series a,10000000.0,India’s first neobusiness platform,2021,Bengaluru
jeevam health,Health care,pre seed,1500000.0,Jeevam Health is an Online Medical Clinic to Cure Root Cause of Chronic Issues in India.,2021,New Delhi
newlink group,Tech Startup,,200000000.0,Developer of an energy management and transportation digital platform designed to streamline the energy supply chain,2021,Beijing
oziva,Heathcare,series b,12000000.0,OZiva is a plant-based Clean Nutrition Brand.,2021,Mumbai
blive,Tourism,pre series a,1000000.0,B: Live is an electric vehicle tourism startup.,2021,Panaji
nazara technologies,Gaming,,30000000.0,"Nazara Technologies develops mobile content such as games, themes, wallpapers, and multimedia.",2021,Mumbai
euler motors,Automotive,series a,2600000.0,Electric Light Commercial Vehicle,2021,New Delhi
pixxel,SpaceTech,seed,7300000.0,Pixxel is a Bengaluru-based space technology startup building a constellation of advanced earth imaging small satellites.,2021,Bengaluru
myglamm,Beauty products,series c,20000000.0,MyGlamm is a direct-to-consumer brand of award winning European beauty products.,2021,Mumbai
chirrup,Gaming,pre seed,300000.0,Video integrated social-gaming platform,2021,Bengaluru
policybazaar,Insurance,,75000000.0,PolicyBazaar designs an online life insurance and general insurance comparison portal that analyzes financial products.,2021,Gurugram
livve homes,Rental space,,5000000.0,"India's homegrown online portal, championing the region for a brighter, more exciting livvable future. Right from simply connecting owners and tenants and to managing everything in between",2021,Bengaluru
juicy chemistry,Healthcare,series a,6300000.0,Juicy Chemistry operates as an eponymous consumer brand.,2021,Coimbatore
svasti microfinance,Fintech,,4000000.0,Svasti works with urban slum dwellers women microentrepreneurs.,2021,Mumbai
nexprt,Consulting,,2000000.0,Nexprt Solutions offers end-to-end and 100% customized import solutions.,2021,New Delhi
wysa,AI startup,,,Wysa is an AI conversational agent that has been shown to help improve mental health,2021,Bengaluru
ankur capital,Fintech,,40000000.0,Early stage venture capital fund focused on opportunities created by rising aspirations & digital access for next billion Indians.,2021,Mumbai
indifi,Fintech,debt financing,5000000.0,Indifi Technologies is a digital lending platform that offers loans to those that have potential and intent.,2021,Gurugram
firmway,Fintech,pre seed,,Firmway is a platform that digitizes balance confirmation and reconciliation process.,2021,Mumbai
say cheese,FemTech,seed,1000000.0,"Say Cheese is the first holistic women-happiness platform in India, focused to increase the happiness of women through personalized solutions",2021,Mumbai
indic inspirations,Cultural,,300000.0,"Indian Souvenirs online that reflect Indian tradition, culture & stories. Best for personal gifting and corporate gifting.",2021,Pune
bimaplan,Fintech,seed,500000.0,Affordable insurance for the next billion Indians,2021,Mumbai
yap,Fintech,series b,10000000.0,YAP is the API Platform for Banking and Payments products in Asia. More than 200 Fintechs across Asia rely on YAP,2021,Chennai
leap finance,Fintech,series b,17000000.0,Leap Finance is a fintech startup for Indian students pursuing international higher education,2021,Bengaluru
blacksoil nbfc,Fintech,,3000000.0,BlackSoil Capital has transformed into an alternative NBFC and AIF Fund platform with an expertise to finance multiple sectors.,2021,Mumbai
oyo,Hospitality,,200000000.0,OYO operates a branded network of hotels designed to offer standardized stay experiences.,2021,Gurugram
max healthcare,Healthcare,,140000000.0,Max Healthcare is one of the leading chain of hospitals in India.,2021,New Delhi
4basecare,Healthtech,pre series a,2000000.0,4baseCare develops a unified and patient-centric ecosystem to fight cancer.,2021,Bengaluru
ezstays,Edtech,seed,400000.0,"Ezstays is a leading student-life network, providing hostels and PG accommodation with top-tier living facilities at the best prices.",2021,New Delhi
stylework,Co-working,pre series a,500000.0,Stylework is an unconventional co-working space aggregator that is going to change the way people work.,2021,Gurugram
kinara capital,Fintech,,6000000.0,Kinara Capital is a financing company that provides flexible collateral-free loans to small business entrepreneurs.,2021,Bengaluru
riskcovry,InsureTech,series a,5000000.0,"Riskcovry is an ""Insurance-in-a-box” model offers a one-stop-shop platform to cater to any business's digital insurance needs.",2021,Bengaluru
nodwin,Gaming,,20000000.0,NODWIN Gaming is a gaming solutions company and creator of e-sports events.,2021,Gurugram
quizizz,Edtech,series a,12500000.0,Quizizz is a Education based startup,2021,Bengaluru
ecom express,E-commerce,,20000000.0,Ecom Express is an end-to-end technology-enabled logistics solutions provider to the Indian e-commerce industry.,2021,New Delhi
turtlemint,InsureTech,series d,45000000.0,Turtlemint is an online insurance platform that identifies and purchases appropriate insurance policies for consumers.,2021,Mumbai
captain fresh,Supply chain platform,seed,3000000.0,Captain Fresh is a freshwater fish and seafood supply chain platform.,2021,Bengaluru
northern arc,Fintech,debt financing,10000000.0,Northern Arc Capital (Formerly known as IFMR Capital) is a Non-Banking Finance Company.,2021,Chennai
qoohoo,Social platform,seed,800000.0,A platform for creators to build immersive connections with their fans and followers and monetize them.,2021,Bengaluru
igl,Gaming,,500000.0,Indian Gaming League is the premier eSports platform in India.,2021,Mumbai
ampm,E-commerce,,200000.0,24*7 convenience store,2021,Gurugram
the eplane,Drone,seed,1000000.0,"Transforming the mobility landscape using aerial transport. Currently, we build drones for industrial applications",2021,Chennai
cashify,E-commerce,,15000000.0,Cashify.in is an e-commerce platform for reselling used electronic gadgets.,2021,Gurugram
bijnis,B2B service,,,Digitizing the Factories of the Unorganised Industries.,2021,New Delhi
questt,Edtech,seed,1000000.0,Questt is a homework app that allows teachers to allocate objective and subjective homework based on selected content.,2021,Gurugram
dealshare,E-commerce,debt financing,3000000.0,DealShare is a Social Commerce Startup,2021,Jaipur
euler motors,Automotive,series a,4000000.0,Electric Light Commercial Vehicle,2021,New Delhi
blume ventures,Fintech,,40000000.0,Blume Ventures provides pre-series A and early stage funding to tech-focused/tech-enabled ventures.,2021,Mumbai
koinearth,Blockchain startup,pre series a,1800000.0,"Koinearth is a stealth mode startup working at the intersection of blockchains, machine learning and mechanism design",2021,Bengaluru
imaginxp,Edtech,,1500000.0,ImaginXP is a curriculum company with a focus on training and certification in UX Design and Design Thinking.,2021,Pune
virohan,Edtech,,,Virohan is an edtech company using technology to prepare a future-ready workforce for the healthcare industry.,2021,Gurugram
apnaco,Recruitment,,12500000.0,Apna is a recruitment platform that gives opportunities for blue or grey collar jobs.,2021,Bengaluru
ideaforge,Drone,,2000000.0,ideaForge is an Indian company engaged in the development of unmanned aerial systems.,2021,Mumbai
clairco,CleanTech,,500000.0,Clairco provides enhanced air purification and real-time insights for breathable air indoors.,2021,Bengaluru
northern arc,Fintech,debt financing,50000000.0,Northern Arc Capital (Formerly known as IFMR Capital) is a Non-Banking Finance Company.,2021,Chennai
lenskart,Fashion,,95000000.0,Lenskart is an India-based online shopping portal for eyewear.,2021,Faridabad
parksmart,Automotive,seed,,ParkSmart is a parking management application.,2021,New Delhi
virohan,Edtech,series a,3000000.0,Virohan is an EdTech company that offers healthcare vocational training to students to build a career in the healthcare industry.,2021,Gurugram
banksathi,Fintech,seed,200000.0,"Bank Sathi provides loans, insurance, cards comparison, and approval facility.",2021,New Delhi
spark studio,Edtech,seed,,Online courses to build creativity and confidence in children through extra-curricular learning,2021,Bengaluru
blissclub,Fashion,seed,2000000.0,"BlissClub is a community first women’s activewear brand. It is a Direct-to-Consumer brand in the active lifestyle space, founded in 2020 by ISB Alum Minu Margeret",2021,Bengaluru
bricspaces,Real estate,pre seed,350000.0,"A prop-tech company that finds and customizes offices, living, or retail spaces based on your requirements.",2021,Bengaluru
ansr,Consulting,series b,15000000.0,"ANSR Consulting is providing end-to-end services for companies, setting up captive service centers.",2021,Bengaluru
keito,AI company,seed,,"NO-CODE <> Human-assisted machine learning platform for document processing, to break information silos for enterprises",2021,Pune
reccy adventures,Sports startup,seed,400000.0,Reccy Adventures is an adventure sports startup.,2021,Gurugram
magenta ev,Renewable Energy,series a,15000000.0,Magenta is in the business of Enabling electric mobility & Making electricity clean,2021,Mumbai
karbon card,Fintech,pre series a,1000000.0,Karbon Card is a financial platform for Indian entrepreneurs.,2021,Bengaluru
wysa,AI company,series a,5000000.0,Wysa is an AI conversational agent that has been shown to help improve mental health,2021,Bengaluru
agnikul,SpaceTech,series a,11000000.0,"Agnikul is a space tech startup that designs, manufactures, tests, and launch orbital class rockets for micro and nano satellites.",2021,Chennai
legalpay,Fintech,seed,,A trusted financial partner for advocates and corporate.,2021,New Delhi
glamplus,SaaS,pre series a,200000.0,India's #1 SaaS based Salon experience Software,2021,Bengaluru
tekie,Edtech,seed,1500000.0,"Tekie is a live coding platform for kids that uses the power of storytelling, to make learning to code a movie-like experience.",2021,Gurugram
asirvad microfinance,Fintech,,15000000.0,Asirvad Microfinance provides microfinance loans to women from a poor and low-income households.,2021,Chennai
avalon labs,Fintech,pre series a,,"Avalon Labs incubates, invests, partners with and spearheads technology companies that are on the cutting edge.",2021,Bengaluru
betterhalfai,Matrimony,pre series a,3000000.0,India’s first and only matrimony app without parents. 10L verified profiles 20L matches 50K relationships 3K marriages,2021,Bengaluru
koo,Social Media,series b,30000000.0,Koo App operates as a microblogging app.,2021,Bengaluru
rezoai,AI startup,seed,,Conversational AI platform - Innovate the way you communicate,2021,Noida
mentoria,Edtech,pre series a,200000.0,Mentoria is a holistic career discovery platform that enables students to discover themselves and the careers they will enjoy and excel at.,2021,Mumbai
cuvette tech,Human Resources,seed,1800000.0,Help startups to find interns who are verified on their software development skills and problem-solving abilities.,2021,Bengaluru
clensta,BioTechnology,,600000.0,A biotechnology start-up was incorporated to improve the National Hygiene condition whilst addressing the aspect of water conservation.,2021,New Delhi
farmart,AgriTech,pre series a,24000000.0,FarMart is a micro-SaaS platform that helps food businesses source high quality produce at affordable prices,2021,Gurugram
kodo card,Fintech,seed,8000000.0,Kodo card is a corporate card for new economy businesses in India.,2021,Mumbai
polygon,Crypto,,,Polygon is a blockchain scalability platform.,2021,Mumbai
get my parking,Mobility,,6000000.0,"Get My Parking, is a B2B Platform-as-a-Service company.",2021,New Delhi
cellestial,Electronics,pre series a,500000.0,Cellestial E-mobility is a city-based startup working in developing electric tractors with the longest battery life.,2021,Hyderabad
fancode,Sports startup,,50000000.0,"FanCode is a multi sport aggregator platform for every sports fan, focusing on long trail sports content and contextual commerce.",2021,Mumbai
jai kisan,Fintech,series a,30000000.0,Jai Kisan is a fintech platform that provides sustainable financing for rural emerging markets,2021,Mumbai
plum,Healthcare,series a,15000000.0,High quality health insurance and health benefits,2021,Bengaluru
thatmate,Healthcare,,140000.0,ThatMate is a sexual and mental wellness app for teens.,2021,Satara
klassroom,Edtech,pre series a,200000.0,Klassroom offers a one-of-a-kind LIVE interactive learning experience to students.,2021,Mumbai
convin,SaaS,pre seed,300000.0,Convin is a conversation intelligence platform that helps remote sales teams to understand conversations on a deeper levels.,2021,Bengaluru
mensa brands,Clothing,series a,50000000.0,"Mensa scales brands leveraging its expertise in ecommerce, technology, marketing, category management & demand planning.",2021,Bengaluru
disruptium,Consulting,,200000.0,A consultancy platform for startups,2021,Ahmedabad
medtel healthcare,Healthcare,pre series a,5000000.0,An aggregator for Digital Health Clinics in low resource settings.,2021,Odisha
pickright technologies,Fintech,,200000.0,Pickright is a fintech marketplace platform for stock market investors and the stock market advisors.,2021,Bengaluru
ingenium,Edtech,seed,,Ingenium Education has been pushing e-learning by bringing small and medium sized institutes and schools online.,2021,New Delhi
bharatpe,Fintech,debt financing,6000000.0,"BharatPe is the definitive platform for financial services. We process payments via UPI and POS, and provide credit / loans to our merchants",2021,New Delhi
rulezero,Tech Startup,seed,1000000.0,Rulezero is a technology platform created by experienced startup executives to automate and manage the equity ownership of a startup.,2021,Bengaluru
rubix data sciences,IT startup,seed,800000.0,"Rubix Data Sciences focuses on simplifying decision making for Credit, Risk, Compliance, Supply Chain and Marketing professionals in the B2B domain.",2021,Mumbai
locobuzz,Analytics,series a,4000000.0,LocoBuzz is an analytics-based integrated marketing platform.,2021,Mumbai
we founder circle,Fintech,pre seed,2000000.0,"A global platform of founders for founders offering investment, network and business opportunities.",2021,Mumbai
haqdarshak,Finance,pre series a,800000.0,Haqdarshak is a tech platform that connects citizens with their eligible welfare schemes.,2021,Jaipur
celcius,Logistics,seed,,The “ONLINE” Cold Chain network for Reefer trucks and Cold storage facilities.,2021,Mumbai
enthuai,AI startup,,200000.0,Enthu.AI operates as a conversation intelligence startup.,2021,Chandigarh
myelin foundry,AI startup,pre series a,1000000.0,"Myelin Foundry is a deep tech product start-up transforming human experiences and industry outcomes by building Artificial Intelligence algorithms on video, voice, and sensor data, for consumer edge devices",2021,Bengaluru
superopsai,AI startup,seed,3000000.0,SuperOps.ai is an early stage startup in the MSP space.,2021,Chennai
6degree,Retail,,1000000.0,6Degree is a fashion retail startup that provides a launchpad to fashion talent and brands using a tech-enabled platform.,2021,Mumbai
teachmint,Edtech,series a,16500000.0,Teachmint is an online learning platform that focuses on tutor-student connectivity.,2021,Bengaluru
sarathi,Healthcare,seed,100000.0,"Offer a range of services like lab tests, consultation at home, nursing services, emergency services, and appointment management.",2021,Jodhpur
jidoka technologies,Software,seed,340000.0,"Deliver automation of visual inspection, retaining the power of human intelligence, to enhance quality and efficiency",2021,Chennai
rapido,Transportation,series c,43000000.0,Rapido is a bike taxi service that encourages people to offer bike rides to other people.,2021,Bengaluru
byjus,Edtech,,150000000.0,BYJU'S is an educational technology company that develops personalized learning programs for K-12 students.,2021,Bengaluru
elasticrun,E-commerce,series d,75000000.0,ElasticRun develops an online system that improves the reception of orders from customers and the dispatch of delivery drivers.,2021,Pune
avail finance,Fintech,debt financing,3000000.0,Avail is a mobile-first platform aiming to financially include the urban mass of India.,2021,Bengaluru
nivesh,Fintech,pre series a,1600000.0,Nivesh.com is a mass market mutual funds investment platform.,2021,Noida
thingsup,IoT platform,,1000000.0,Thingsup is an Enterprise Grade IoT Platform.,2021,Pune
arthya wealth and investments,Fintech,pre series a,1000000.0,"A comprehensive, high quality, open-architecture based Wealth Management and Investment Advisory platform, to cater to investors across the board: Individuals, Businesses/Corporate Treasuries, Family Offices, Trusts and more.",2021,Mumbai
zepto,E-commerce,,60000000.0,Grocery delivery startup,2021,Mumbai
fi,Financial Services,series b,50000000.0,Fi is a neo bank.,2021,Bengaluru
kiko live,Commerce,pre series a,1000000.0,Video-based social commerce startup,2021,Gurugram
turbohire,Computer Software,,,"Industry-leading augmented intelligence software for Talent Intelligence, Recruitment Automation, and Applicant Tracking",2021,Hyderabad
the hosteller,Hospitality,pre series a,1000000.0,"Pit-stop for global as well as local travellers to relax, rejuvenate and experience India’s rich heritage while not worrying about a clean, safe and smart place to stay.",2021,Mumbai
satsure,Defense & Space,,,SatSure is an innovative decision analytics company,2021,Bengaluru
ruptok fintech,Financial Services,pre series a,2000000.0,"Ruptok fintech Pvt. Ltd. is an online gold loan service provider , with attractive interests rate .",2021,New Delhi
vilcart,Retail,,2000000.0,Vilcart's motto is sustainable rural development through stability for rural retailers.,2021,Bengaluru
dogsee chew,Food & Beverages,pre series a,7000000.0,100% Natural Dog Treats.,2021,Bengaluru
advantage club,HR Tech,pre series a,3300000.0,Advantage Club is India's largest employee engagement platform.,2021,Gurugram
trdr,Financial Services,,150000.0,TRDR is an all-new approach to investing.,2021,Bengaluru
zoomcar,Mobility,,92000000.0,Zoomcar holds the distinction of being India’s first personal mobility platform,2021,Bengaluru
leap india,Logistics & Supply Chain,,10000000.0,"""Leading Enterprise in Asset Pooling"" India's Largest Sustainable Supply Chain Solutions Company.",2021,Mumbai
superbottoms,Consumer Goods,,400000.0,SuperBottoms was born out of a personal passion for cloth diapering that would give the convenience of diapers while not harming the environment and baby’s skin.,2021,Mumbai
cora health,Health,seed,600000.0,Social commerce marketplace for everyday health and wellness.,2021,Bengaluru
battery smart,Renewables & Environment,pre series a,7000000.0,Battery Smart is building India’s largest network of battery swapping stations providing Li-ion batteries,2021,New Delhi
the good glamm group,Information Technology & Services,series d,150000000.0,South Asia’s largest Content-to-Commerce scale-up investing $100 million in fast-growing beauty & personal care brands.,2021,Pune
mosaic wellness,Health,series a,24000000.0,A platform of digital first health clinics for men and women,2021,Mumbai
cloudfiles,SaaS,pre seed,300000.0,"Supercharge files with enterprise-grade security, page-by-page analytics and powerful content automations.",2021,Bengaluru
the viral fever,Entertainment,,2000000.0,India's leading digital entertainment network.,2021,Mumbai
xpand,Retail,pre series a,1500000.0,LMCE handholds brands and enables their reach across the UNSERVED & UNDER-SERVED pockets of the country in a SUSTAINABLE manner to drive MEASURABLE growth.,2021,New Delhi
troo good,E-commerce,series a,7000000.0,An FMCG company selling nutritious products at an affordable price points.,2021,Hyderabad
prodo,Business Supplies & Equipment,pre seed,300000.0,"Prodo is an e-commerce platform that provides manufacturing of made-to-order, readymade and white labeled consumables for medium and large enterprises.",2021,New Delhi
unnati,Fintech,series a,7000000.0,Fintech powered digital agri ecosystem,2021,Noida
lysto,NFT,seed,3000000.0,"Lysto is building APIs, Tools & Infrastructure to enable the creation & distribution of NFTs across platforms with a few clicks or few lines of code.",2021,Bengaluru
wakefit,Furniture,series c,20000000.0,"A home solutions and sleep company, currently collaborating with the world's biggest sleep influencer.",2021,Bengaluru
buyofuel,Oil & Energy,seed,100000.0,Green Fuels Marketplace,2021,Coimbatore
electricpe,EV,seed,3000000.0,India's largest Electric Vehicle Charging Platform,2021,Bengaluru
vayana network,Financial Services,series c,30000000.0,"Vayana Network is an electronic network that connects Corporates and their Supply Chain to Financial Institutions for easy, quick and low-cost access to Trade Financing of their Payables and Receivables.",2021,Pune
valuationary,Edtech,pre seed,100000.0,EdTech platform upskilling candidates to bag deserving finance job roles.,2021,Surat
knocksense,Online Media,,150000.0,Knocksense is a local news and recommendations platform.,2021,Lucknow
petpooja,Information Technology & Services,,4500000.0,"Petpooja is the largest next-generation PoS platform for the F&B sector with more than 25,000+ clients across India and UAE.",2021,Ahmedabad
wingreens farms,Food & Beverages,,17000000.0,"Wingreens Farms is a fully integrated (farm to retail) Food Company in the business of making and selling a range of fresh, healthy, tasty and innovative food products.",2021,Gurugram
doola,Company-as-a-Service,,3000000.0,The ultimate One-Stop-Shop™️ to help US and Non-US Founders to turn an idea into their dream US Business,2021,New York
eyemyeye,Eyewear,pre series a,2000000.0,"Shop the latest Eyeglasses, Sunglasses, Power Sunglasses, Contact Lens and more.",2021,Gurugram
bombay hemp company,Textiles,,2000000.0,"BOHECO was founded to research on and promote industrial hemp, the super crop of our era in India. BOHECO was formally registered under The Companies Act",2021,Mumbai
dgv,Information Technology & Services,pre series a,3000000.0,NeoBanking for Bharat,2021,Bengaluru
guardianlink,Information Technology & Services,series a,12000000.0,Building tech infrastructure to help NFT commerce go mainstream,2021,Chennai
clinikk,Hospital & Health Care,pre series a,4000000.0,Transforming health insurance by building India's first managed care model,2021,Bengaluru
toplyne,Computer Software,,2500000.0,Toplyne helps sales teams at product-led companies convert their freemium users!,2021,Bengaluru
mensa,D2C,series b,135000000.0,"Mensa scales brands leveraging its expertise in ecommerce, technology, marketing, category management & demand planning.",2021,Bengaluru
planys,Maritime,pre series a,1600000.0,Planys is an Indian deep tech start-up creating a paradigm shift in the underwater inspection industry.,2021,Chennai
wonderchef,Consumer Goods,,20000000.0,"Wonderchef Cookware and Appliances is a perfect blend of health, taste, and convenience that inspires us to 'cook with pride'.",2021,Mumbai
gokwik,Information Technology & Services,series a,15000000.0,GoKwik is a platform for solving shopping experience problems on e-commerce websites on the internet.,2021,New Delhi
velocity,Financial Services,series a,20000000.0,"Velocity provides revenue based financing, up to Rs 3 crores, for marketing and inventory spends of online businesses.",2021,Bengaluru
salarybox,Financial Services,seed,4000000.0,SalaryBox is solution that makes employee management effortless.,2021,Gurugram
boingg,Furniture,seed,200000.0,D2C furniture brand,2021,Gurugram
better capital,Venture Capital & Private Equity,,15000000.0,"Better is a top-tier India-focused pre-seed venture firm with a portfolio of 100+ companies including stellar successes like Rupeek, Open, Khatabook, Bijak",2021,Santra
tickertape,Financial Services,,5000000.0,"Tickertape provides data, information & content for Indian stocks, ETFs & indices",2021,Bengaluru
zenpay solutions,Financial Services,,,"India’s fastest growing fintech company, which has revolutionized the ultimate banking experience especially by reaching out to thousands of blue-collared employees by promoting digital banking solutions across India.",2021,New Delhi
disprz,Edtech,series b,13000000.0,An AI-powered right skilling suite that helps enterprises unlock business potential.,2021,Mumbai
arbo works,Computer Software,,,Finance technology,2021,Mountain View
inzpira,Edtech,seed,300000.0,"Inzpira is India's only Live online 1:1 platform for Language Learning & Test Preparation that lets users instantly connect with expert trainers and learn anytime, from anywhere.",2021,Thiruvananthapuram
defy,Financial Services,,5500000.0,Building India's first social crypto exchange,2021,Bengaluru
mindhouse,Health,seed,6000000.0,Mindhouse is a Yoga & Nutrition driven personalized healthcare platform.,2021,Gurugram
homversity,Housing Marketplace,,155000.0,Homversity is the digital ecosystem that aims to support the 93 BN USD student housing & Co-living industry in India.,2021,Ahmedabad
toppersnotes,Education Management,seed,1000000.0,"Toppersnotes is an edtech company, primarily operating in the test preparation industry.",2021,Jaipur
nobrokercom,Real Estate,series e,2100000.0,NoBroker is a disruptive force in the Real Estate Industry.,2021,Bengaluru
haber,Industrial Automation,series b,20000000.0,"Real-time, automated insights to increase plant efficiency",2021,Pune
true balance,Financial Services,,30000000.0,"Balancehero India Private Limited (BHI), the wholly owned subsidiary of Balancehero Co. Ltd., Korea which runs and operates mobile App “True Balance”.",2021,Gurugram
recordent,Financial Services,,400000.0,Helping MSMEs collect customer dues faster & reduce risk by checking credit & payment history before offering credit,2021,Hyderabad
koparo,Consumer Goods,seed,700000.0,Koparo is a direct-to-consumer brand that is addressing the needs of modern Indian families and their homes.,2021,New Delhi
indifi,Financial Services,,40000000.0,Indifi believes in helping small businesses grow by offering loans to those that have potential and intent.,2021,Gurugram
settl,Real Estate,seed,500000.0,Settl. is a technology-driven accommodation platform focused on providing a convenient and high-quality living experience for young millennials.,2021,Bengaluru
park,Tech startup,series b,25000000.0,Building an eco-system for car owners which will be a one-stop solution for all their needs.,2021,New Delhi
simple energy,Automotive,pre series,21000000.0,A Research and development driven company on a mission to build the future of mobility that is electric and connected.,2021,Bengaluru
dream sports,Sports,,840000000.0,"Dream Sports is India’s leading sports technology company with brands such as Dream11, world’s largest fantasy sports platform",2021,Mumbai
spinny,Automotive,series e,248000000.0,Spinny is a new age used car end-to-end platform in India.,2021,Gurugram
rentomojo,Furniture Rental,,10000000.0,"Furniture, appliances, electronics, and fitness products on monthly rental subscriptions.",2021,Bengaluru
slice,Financial Services,series b,220000000.0,"Slice is India's best credit card challenger to pay bills, manage expenses, and unlock rewards",2021,Bengaluru
21k school,Edtech,pre series a,5000000.0,"21K School is India's First Online School that provides a complete online school experience and personalized learning – anytime, anywhere.",2021,Bengaluru
adda247,Edtech,series b,20000000.0,"The multilingual edtech platform provides 360 degree learning solutions catering to all major educational needs of Tier II, tier III including online courses for  competitive exams",2021,Gurugram
loop health,Hospital & Health Care,,12000000.0,India's first health insurance with unlimited primary care for employees.,2021,Pune
rupifi,Financial Services,debt financing,1000000.0,Embedded Lending for Small Businesses,2021,Bengaluru
renee cosmetics,Cosmetics,pre series a,1500000.0,"RENÉE Cosmetics is an Indian makeup brand empowering bold & beautiful women with innovative, cruelty-free products.",2021,Ahmedabad
svish,Consumer Goods,seed,400000.0,D2C personal hygiene startup,2021,Gurugram
progcap,Fintech,series c,30000000.0,"Progcap (Desiderata Impact Ventures Private Limited) is a mission-driven, inclusive financing technology firm",2021,New Delhi
smartstaff,Recruitment,,4300000.0,Smartstaff (previously Qikwork) is a full stack blue-collar workforce management platform.,2021,Bengaluru
dmoksha homes,Textiles,seed,570000.0,"Artisans handcraft exquisite and environment-friendly home linens using only the most sustainable fabrics like linen, hemp, and lyocell.",2021,Mumbai
ans commerce,E-commerce,pre series a,2200000.0,ANS Commerce is India’s #1 full-stack e-commerce enabler helping brands sell online.,2021,Gurugram
mobileware technologies,Information Technology & Services,,4700000.0,"A mobile applications development platform for technologies including Symbian, Blackberry, and early versions of iOS and Android.",2021,Mumbai
gramcover,Insurance,series a,7000000.0,GramCover is a tech-enabled insurance marketplace for rural India.,2021,Noida
byjus,Edtech,,300000000.0,BYJU’S is India's largest ed-tech company and the creator of India’s most loved school learning app.,2021,Bengaluru
hyperface,Information Technology & Services,,1300000.0,Empowering Brands and Fintechs to offer banking products contextually to their customers.,2021,Bengaluru
licious,Food & Beverages,series g,52000000.0,"Licious is a consumer food company, focussed at delighting the world with an unmatched range of meat & meat products.",2021,Bengaluru
chalo,Mobility,series c,40000000.0,India’s #1 bus transport technology company.,2021,Mumbai
kaar technologies,Information Technology & Services,,4000000.0,"Kaar Technologies is an SAP global consultancy firm that designs, delivers and deploys cutting-edge SAP solutions for businesses around the world.",2021,Chennai
sunstone eduversity,Edtech,series b,28000000.0,Sunstone Eduversity is a one-of-its-kind business school operating in an asset-light model since 2011.,2021,Gurugram
ozonetel,Telecommunications,series a,5000000.0,Ozonetel is leading Cloud Telephony solution provider.,2021,Hyderabad
coinswitch kuber,Crypto,series c,260000000.0,"CoinSwitch Kuber is the largest crypto trading platform in India with a user base of 10M+, in just 15 months and growing every second.",2021,Bengaluru
pazcare,Insurance,seed,3500000.0,Paz Care is India's leading Employee Benefits & Health insurance platform,2021,Bengaluru
kwh bikes,Automotive,seed,2000000.0,Building India’s strongest and smartest electric 2 wheelers,2021,Bengaluru
ibsfintech,Information Technology & Services,pre series a,1000000.0,"Driving Digitization & Automation of Cash & Liquidity, Risk, Treasury & Trade Finance functions of the Corporate.",2021,Bengaluru
leadsquared,Computer Software,,,"LeadSquared is a marketing automation and sales execution platform that helps businesses increase their closures, manage their pipelines",2021,Bengaluru
phoolco,Renewables & Environment,,,Flowercycling technologies to upcycle cellulose waste and specialises in manufacturing charcoal-free incense and other wellness products,2021,Kanpur
twin health,Health,series c,140000000.0,Twin Health invented the Whole Body Digital Twin™ to help reverse and prevent chronic metabolic diseases.,2021,Chennai
trica,Equity Management,seed,3000000.0,Powering private markets - A technology platform for startups and investors.,2021,Mumbai
mhealth,Health,seed,,mHealth  is AI based corporate wellness platform  to spread happiness & well-being,2021,New Delhi
rebel foods,Cloud kitchen,series f,175000000.0,"World’s largest internet restaurant company. Building Unique, Memorable, Delightful & Sure delivery-only restaurants.",2021,Mumbai
profitwheel,Marketing & Advertising,seed,3000000.0,ProfitWheel's belief is that only a fraction of customers drive the most profitability for a brand - and we want to help increase their high value customer base.,2021,Mumbai
log 9 materials,Nanotechnology,,2000000.0,Log9 Materials is on a mission to make global energy 100% clean.,2021,Bengaluru
chingari,Entertainment,,19000000.0,"Chingari - Bharat Ka Super Entertainment App. A unique and fun short video app, can create interesting videos and share them with the world.",2021,Bengaluru
ishitva,Computer Software,pre series a,1000000.0,"Sort to create value’ using #AI, #Robotics and #AirSorter to achieve a #circulareconomy with environmental benefits.",2021,Ahmedabad
ola electric,Automotive,,200000000.0,Sustainability for the future.,2021,Bengaluru
leapclub,Community,pre series a,810000.0,A community-led professional network for women,2021,Gurugram
f5,Retail,pre series a,600000.0,One-Stop Solution for Daily Workplace Needs,2021,New Delhi
foreignadmits,Higher Education,seed,400000.0,“foreignadmits” aims at addressing one of the biggest problems of personalized mentoring for students aiming to pursue higher education and eventually become an expert in their desired discipline of study.,2021,Bengaluru
salt,Financial Services,pre seed,500000.0,Salt is a neo-banking experience created to cater to international businesses.,2021,Bengaluru
earnwealth,Financial Services,pre series a,500000.0,"EarnWealth is India's First Social Commerce FinTech which enables Financial Consultants, Mutual Fund Distributors, Insurance Agents, Real Estate Consultants, Housewives, Retired People and Students to earn quick money by selling Loans, Credit Cards",2021,Pune
visit health,Health,,7500000.0,"Visit is a 360° integrated, highly engaging Health Benefits Platform- covering end to end health & wellness management.",2021,New Delhi
craterclub,Media,seed,700000.0,"Crater is where you join 5000+ mentors, creators & experts while they stream their knowledge and skills live.",2021,Bengaluru
nftically,NFT,seed,1000000.0,"NFTically is a global B2B SaaS that enables celebrities, influencers, gamers, clubs & enterprises to launch their own white-label NFT store or NFT Marketplace without any technical knowledge.",2021,Gurugram
reshamandi,B2B,series a,30000000.0,"ReshaMandi provides a full-stack digital ecosystem in the form of a super app, from FARM to RETAIL.",2021,Bengaluru
zetwerk,Mechanical Or Industrial Engineering,,600000000.0,ZETWERK is a universal manufacturing network powered by new-age technology.,2021,Bengaluru
hubilo,Software Startup,series b,125000000.0,Hubilo is the leading hybrid event platform built for engagement and event excellence.,2021,Ahmedabad
m2p fintech,Financial Services,series c,35000000.0,"M2P fintech was born out of the need to build highly scalable, secure yet nimble technology stack at the intersection of Mobility, Commerce and payments.",2021,Chennai
open financial technologies,Financial Services,series c,90000000.0,Open is Asia’s first neobanking platform for SMEs and startups.,2021,Bengaluru
niro,Financial Services,seed,3500000.0,Embedding personal credit products into leading consumer internet platforms.,2021,Bengaluru
wiingy,Edtech,,400000.0,The ultimate 1:1 live e-learning platform providing personalized hands-on learning for kids,2021,Bengaluru
cardekho,Automotive,series e,250000000.0,Redefining the country’s personal mobility ecosystem with technologically enhanced solutions.,2021,Jaipur
melorra,D2C jewellery,,24000000.0,A company that styles jewellery for the contemporary wardrobe.,2021,Bengaluru
anka summor,Sales and Distribution,pre series a,1000000.0,"AnKa SumMor is the service that allows businesses to focus on building their brands, while they provide Supply & Distribution expertise.",2021,Bengaluru
tochai,SaaS,series a,11000000.0,"Toch is an AI-driven platform that helps broadcasters, OTT platforms, media platforms, and creators to revolutionize videos.",2021,Mumbai
playto labs,Edtech,seed,500000.0,Playto Labs provides robotics toys and online classes for kids to help them develop the key 21st century skills. Book a free trial for your child today at www.playtolabs.com,2021,Bengaluru
fraazo,Food & Beverages,series b,50000000.0,FRAAZO is Mumbai's favourite App for Fresh Vegetables and Fruits coming straight from the Farm to your Doorstep within 18 Hours.,2021,Mumbai
arcana,Information Technology & Services,,2300000.0,Arcana offers a Privacy Stack SDK to DApp developers on EVM compatible blockchains chains to build Privacy-First products.,2021,Bengaluru
flocareer,Information Services,series a,5700000.0,"The Best Skills Validation Platform that provides ""Interview As-A-Service""​.",2021,Bengaluru
nap chief,Apparel & Fashion,seed,200000.0,India's favourite Kid's wear and Family Sleepwear D2C Brand,2021,Mumbai
acknoledger,Crypto,seed,1500000.0,AcknoLedger is a Global platform that distributes Web 3.0 Digital Assets Seamlessly across all the Metaverses and Gaming,2021,Mumbai
applicateai,Information Technology & Services,series a,30000000.0,"‘ApplicateAI’ is an integrated AI BOT platform for Enterprise with defined and curated work-flows for Sales, Consumer Engagement and Employee support and engagement.",2021,Gurugram
vlcc health care,Health,,4000000.0,VLCC is today widely recognized for its comprehensive portfolio of beauty and wellness products and services,2021,Gurugram
duroflex,Furniture,,60000000.0,"5 decades of experience, superior quality and best in class innovation help us in bringing you a wide range of mattresses, pillows, protectors and other sleep solutions.",2021,Bengaluru
aviom india,Financial Services,series c,8000000.0,AVIOM India Housing Finance Pvt. Ltd. is a venture started by experienced professionals with a vision to improve the standard of living of families from the informal sector in rural areas,2021,Bhilwara
onato,Computer Software,,2200000.0,A startup solving inefficiencies in the agri supply chain,2021,Bengaluru
mestastop solutions,Biotechnology,,100000.0,"Mestastop aims to provide a solution for such challenges with their unique proprietary platforms, METAssay, METSCAN, and METVivo.",2021,Bengaluru
saas labs,SaaS,series a,17000000.0,"Building high impact communication, workflow and productivity tools for sales and support teams throughout the globe.",2021,Noida
devnagri,Translation & Localization,seed,600000.0,"Devnagri is an AI powered human translation platform, working in all 22 Indian languages.",2021,Noida
cred,Finance,series e,250000000.0,CRED is a credit card payment platform that rewards users with points for paying their bills.,2021,Bengaluru
convegenius,Education Management,pre seed,5000000.0,An EdTech social enterprise focused on closing the gap in educational achievement for children and youth in India.,2021,Noida
totality,Entertainment,,1000000.0,"Totality with the goal of combining scalability through technology, innovation through design & retention through content.",2021,Gurugram
credable,Financial Services,series b,30000000.0,CredAble provides liquidity programs for enterprise supply chains.,2021,Mumbai
marketwolf,Financial Services,seed,5500000.0,"MarketWolf provides everyone an opportunity to begin their trading journey with a unique digital platform that is bold, simple and fun.",2021,Mumbai
wondrlab,Marketing & Advertising,pre series a,7000000.0,India's largest platform-first martech startup,2021,Mumbai
sun mobility,Automotive,,50000000.0,Provider of universal energy infrastructure and services to accelerate mass EV usage!,2021,Bengaluru
tamasha,Entertainment,pre series a,3000000.0,"Tamasha, the next-generation interactive entertainment platform.",2021,Mumbai
revfin,Financial Services,pre series a,4000000.0,"RevFin is a financial technology (FinTech) company, advanced digital lending platform makes getting a loan convenient and accessible for customers",2021,New Delhi
yu foodlabs,Food & Beverages,pre series a,1000000.0,Re-imagining Packaged Foods with Natural Ingredients & ZERO Preservatives,2021,Gurugram
mergerdomo,Investment Banking,,500000.0,MergerDomo is the one-stop Global OnLine M&A marketplace for Corporate and Business Growth,2021,New Delhi
farmart,Farming,series a,10000000.0,FarMart is an agritech platform that helps businesses easily source high quality produce at reasonable prices.,2021,Gurugram
questt,Edtech,series a,6750000.0,Questt is a Free online homework app that lets teachers assign gamified homework to students.,2021,Gurugram
idfy,Information Technology & Services,series d,10000000.0,IDfy helps people and business build authentic relationships by ensuring that both parties are who they claim to be and can be trusted.,2021,Mumbai
cleardekho,Retail,pre series a,4000000.0,ClearDekho is India’s Leading Affordable Eyewear Brand.,2021,Ghaziabad
bookingjini,Hospitality,pre series a,1200000.0,BookingJini strive to empower Hotels from all aspects ranging from customer outreach to automate their booking process and improve their online presence and revenue to stimulate Top-line and Bottom-line growth.,2021,Gurugram
sourcewiz,Information Technology & Services,seed,3000000.0,Building a platform for exporters to digitize their workflows and help them grow and manage their business.,2021,Gurugram
tvasta,Mechanical Or Industrial Engineering,,400000.0,Developing new-age manufacturing and automation technologies that can increase human productivity by allowing deep personalization.,2021,Chennai
kafqa academy,Edtech,seed,1300000.0,"Kafqa Academy is a global performing arts academy that offers classes in dancing, singing, and speech & drama.",2021,Bengaluru
trell,Social commerce,,100000000.0,Trell is turning over a new leaf with the wave of digitalization sweeping across the nation,2021,Bengaluru
storia,Food & Beverages,series a,6000000.0,"Storia Foods and Beverages is committed to creating products that are natural, full of goodness and promote a healthy lifestyle.",2021,Mumbai
clear,Computer Software,series c,75000000.0,India’s leading FinTech SaaS platform,2021,Bengaluru
groww,Finance,series e,250000000.0,Groww is on a mission to democratize access to financial services for millions of Indians responsibly.,2021,Bengaluru
the indus valley,Consumer Goods,,1100000.0,Consumer GoodsThe Indus Valley is a Direct to Consumer (D2C) healthy kitchenware brand.,2021,Chennai
bharatpe,Financial Services,,10000000.0,"BharatPe launched India’s first UPI interoperable QR code, first ZERO MDR payment acceptance service, and first UPI payment backed merchant cash advance service.",2021,New Delhi
teachmint,Edtech,series b,78000000.0,Teachmint is an education infrastructure provider and India’s largest teaching platform.,2021,Bengaluru
porter,Logistics & Supply Chain,series e,100000000.0,Porter is India's Largest Marketplace for Intra-City Logistics.,2021,Bengaluru
o4s,Information Technology & Services,series a,6000000.0,O4S SaaS helps Consumer Brands to Digitize and Automate their Supply Chain thereby increasing Sales and Performance.,2021,Gurugram
wobb,Marketing,pre seed,200000.0,The platform for marketers to find and work with influencers,2021,Gurugram
basic home loan,Financial Services,series a,3500000.0,BASIC Home Loan is India's first automated platform for secured lending with special focus on the affordable housing segment.,2021,Gurugram
siply,Financial Services,pre series a,3200000.0,"A tech-enabled micro-savings platform, for the underserved masses, that makes it possible to save starting at Re. 1",2021,Bengaluru
banksathi,Financial Services,,500000.0,"BankSathi is a Fintech platform to empower consumers to save money and time on financial products through safe, easy, and trustable shopping experience.",2021,New Delhi
gramophone,AgriTech,,10000000.0,"Create a difference in farming by bringing timely information, technology and right kind of inputs to achieve better yields for farmers.",2021,Indore
healofy,Femtech,series b,6000000.0,Healofy was created with a mission to experience special motherhood through its products and its inexhaustive and evergrowing babycare tips,2021,Bengaluru
e42,Computer Software,series a,5400000.0,E42 is the world’s leading Natural Language Processing- based AI platform driving enterprise cognition across processes.,2021,Pune
spottabl,Human Resources,seed,400000.0,Spottabl is a technology driven recruitment platform that has helped over 50 tech startups and growth stage companies discover their top talent through its intelligent and human backed model.,2021,Bengaluru
dehaat,Information Technology & Services,series d,115000000.0,DeHaat™ is one of the fastest growing start-ups in Agri Tech sector and one of the very few companies providing end-to-end solutions and services to the farming community in India.,2021,Gurugram
shumee,Retail,,,"An Indian, mom-made toy brand passionate about making playtime development-friendly, child-safe, and sustainable. Our design philosophy is that play is 90% child and 10% toy.",2021,Bengaluru
zolve,Financial Services,series a,40000000.0,World's first cross-border Neobank,2021,Bengaluru
instoried,Computer Software,,8000000.0,"The platform helps content writers in e-commerce, news, FMCG, and other verticals to optimize emotions in their marketing content.",2021,Bengaluru
sportzchain,sports,pre seed,400000.0,SportZchain is India's first blockchain based platform poised to disrupt a multi-billion dollar fan engagement industry.,2021,Mumbai
hypto,Tech startup,seed,3000000.0,The next generation of web services that democratize access to finance for developers and businesses.,2021,Chennai
chupps,Foootwear,pre series a,1100000.0,D2C footwear brand,2021,Mumbai
zenduty,Computer Software,pre series a,1900000.0,"Next-generation end-to-end incident response platform for SREs, DevOps, ITOps and Support teams",2021,Bengaluru
r for rabbit,Consumer Goods,,5000000.0,The concept of R for Rabbit was conceived after the founder of the company was blessed with a baby.,2021,Ahmedabad
acko,Insurance,series d,255000000.0,ACKO is India’s first and fastest growing InsurTech company which makes buying and using insurance effortless.,2021,Bengaluru
lovelocal,Retail,pre series b,18000000.0,LoveLocal (formerly known as m.Paani) is bringing Trusted Local Shops Online and empowering them to deliver the neighbourhood shopping experience of the future.,2021,Mumbai
supplynote,Food & Beverages,pre series a,1200000.0,"SupplyNote is Cloud based web and mobile enabled suite connecting outlets, service providers and suppliers.",2021,Noida
vakilsearch,Legal Services,,10000000.0,"India's largest Legal, Compliance & Tax services platform, and trusted partner in making legal simple!",2021,Chennai
cloudphysician,Hospital & Health Care,pre series a,4000000.0,Cloudphysician is a healthtech company that is transforming the delivery of critical care.,2021,Bengaluru
wigglesin,Veterinary,pre series a,5500000.0,Wiggles India is a preventative healthcare brand for all things pets!,2021,Pune
avanti finance,Financial Services,series a,15000000.0,A digital platform to make financial services accessible to 100 million unserved and underserved households across India,2021,Bengaluru
vanity wagon,Consumer Goods,pre series a,700000.0,Vanity Wagon is India's first true information oriented clean beauty marketplace.,2021,New Delhi
purplle,E-commerce,,70000000.0,Purplle.com is one of India’s largest e-beauty destinations with more than 7 million monthly active users.,2021,Mumbai
wallmantra,Arts & Crafts,,,WallMantra is a well reputed wall decoration online store in India.,2021,Noida
mfine,Hospital & Health Care,series c,48000000.0,"MFine aims to make access to trusted healthcare simple, fast, and effective.",2021,Bengaluru
aquatein,Food & Beverages,seed,,India's First Protein Water in 21g and 10g Variants with BCAA.,2021,Mumbai
mentza,Edtech,seed,400000.0,"Make great conversations accessible to everyone through a vibrant, small, safe, and easy real-time audio platform",2021,Mumbai
connectedh,Hospital & Health Care,seed,2300000.0,Connect different sectors of healthcare system and give the patients complete control over their information.,2021,Gurugram
credavenue,Fintech,series a,90000000.0,CredAvenue is an organization on a mission to deepen and power the $120Trillion global enterprise debt market which would unlock a GDP multiplier and thus create massive economic value.,2021,Chennai
vedantu,Edtech,series e,100000000.0,Vedantu is a LIVE online learning platform that brings together students and teachers to achieve best results.,2021,Bengaluru
exotel,Telecommunications,series c,35000000.0,"Asia's largest customer engagement platform, streamlining customer interactions for Swiggy, Ola, Flipkart, GoJek etc.",2021,Bengaluru
fantasy akhada,sports,series a,2000000.0,Fantasy Akhada is one of India's fastest growing Fantasy Sports Platform.,2021,Gurugram
meesho,Social commerce,,570000000.0,Meesho is India’s largest marketplace for longtail products.,2021,Bengaluru
pumpumpum,Automotive,,,Pumpumpum is empowering millennials with a smart car subscription model. We provide monthly subscription of pre-owned cars at affordable rates.,2021,Gurugram
cusmat,Computer Software,pre series a,100000.0,CUSMAT is India’s largest immersive skilling and training platform.,2021,Hyderabad
homeville,Information Technology & Services,,7000000.0,A technology company focused on helping people buy their first home with down payment assistance at zero interest cost.,2021,Mumbai
coinshift,Blockchain,seed,2500000.0,CoinShift helps businesses and decentralised autonomous organisations (DAO's) manage their crypto easily,2021,Chandigarh
strip finance,Financial Services,seed,400000.0,Collateralised NFT & DeFi Liquidity Protocol With Interest Rate Discovery.,2021,Hyderabad
ola electric,Automotive,,200000000.0,Charging ahead to accelerate the world’s transition to sustainable mobility.,2021,Bengaluru
kolo,Construction,pre seed,550000.0,Home construction app for finding ideas and service providers near you,2021,Bengaluru
chqbook,Fintech,pre series b,5000000.0,"Chqbook.com is India’s first neobank for small business owners offering world-class financial services through its five pillars of banking, khata, lending, insurance, and rewards.",2021,Gurugram
my3dselfie,Arts & Crafts,pre series a,,World's first to create 3d figurine from photos,2021,Guwahati
ev plugs,Information Technology & Services,,150000.0,EV charging station aggregator platform,2021,Gurugram
rulezero,Financial Services,seed,2500000.0,"Rulezero is a legal/fintech startup reimagining private markets by building an intelligent platform that enables stakeholder participation and capital flow in a transparent, efficient and compliant manner.",2021,Bengaluru
credright,Financial Services,,2700000.0,"CredRight is a new age digital lending company 100% focused on Micro & Small businesses, making the process of availing loans simple",2021,Hyderabad
karbon card,Fintech,pre series a,12000000.0,"Empower Indian startups by creating the right financial products starting with a high-limit corporate credit card with unlimited benefits, no personal liability and no fixed deposit.",2021,Bengaluru
auntie fung,Food & Beverages,,400000.0,Serving delectable and eclectic pan-Asian fare to all foodies in a quick-service & healthy format,2021,Bengaluru
epaylater,Financial Services,series b,10000000.0,ePaylater is a payment solution that aims to separate the experience of shopping from the hassles of payment process.,2021,Mumbai
fittr,Health,series a,11000000.0,"FITTR’s mission is to reach out to 50 million people and make them fit, create jobs in the fitness industry, teach people how easy it is to stay fit and move together as a Wolfpack.",2021,Pune
medikabazaar,Healthtech,series c,75000000.0,"Medikabazaar, India’s pioneering and largest online B2B marketspace for medical supplies and equipment.",2021,Mumbai
nimble growth organics,Farming,seed,,Nimble Growth Organics is the new age Agri startup which through its proprietary package of practice (PoP) cultivates organic fruits & vegetables and ensure that authentic food reaches plate.,2021,Bengaluru
delhivery,Logistics & Supply Chain,,125000000.0,Delhivery is a leading logistics and supply chain services company in India.,2021,Gurugram
akudo,Financial Services,seed,4200000.0,A Learning-First Neobank for teenagers - Enable practical financial education for child today,2021,Bengaluru
sanctum wealth,Investment Management,,10000000.0,Sanctum is an Indian wealth management firm which has acquired RBS India’s Private Banking business.,2021,Mumbai
88academics,Education,pre series a,3000000.0,88academics an 88tuition Pte Ltd has been established with the social objective of making quality video-based learning material available to all students.,2021,New Delhi
upgame,sports,,,Upgame is the leading data intelligence and practice tracking platform for golfers,2021,Gurugram
sanfe,Health,series a,1000000.0,India’s revolutionary feminine hygiene and period care brand that strives to build a better world for women.,2021,New Delhi
predictivu,Management Consulting,pre seed,1500000.0,"PredictiVu's AI-enabled dashboard integrated with India's largest, proprietary, weekly consumer purchase data, market intelligence and web insights",2021,Gurugram
sterling accuris wellness,Hospital & Health Care,,30000000.0,"STERLING ACCURIS WELLNESS PRIVATE LIMITED is a hospital & health care company based out of 3-FLOOR HERITAGE COMPLEX, NR.",2021,Ahmedabad
bijnis,B2B startup,series b,30000000.0,Bijnis is revolutionizing the way manufacturers operate and scale their factories by digitizing their Demand/Supply/Captial/Operations.,2021,New Delhi
capital float,Financial Services,,50000000.0,India's leading BNPL and digital credit platform serving millions of aspirational individuals.,2021,Bengaluru
manch technologies,Information Technology & Services,pre series a,1000000.0,"A Single Click Work Flow E-Sign solution to conduct speedy, accurate, efficient transactions through a “cash-less, presence-less, paperless” framework.",2021,Bengaluru
glamyo health,Hospital & Health Care,series a,3000000.0,Glamyo Health is an advanced healthcare co delivering a seamless experience for elective surgeries.,2021,New Delhi
cashbook,Fintech,seed,2300000.0,"CashBook is a digital record-keeping app using which businesses can add entries, segregate records, and find overall balance instantly.",2021,Gurugram
the money club,Financial Services,pre series a,1700000.0,The Money Club is a mobile platform for peer to peer chit funds.,2021,Noida
superzop,Retail,series a,4000000.0,SuperZop is India's first and only vernacular B2B Grocery e-commerce platform that is transforming the unorganized retail sector.,2021,Mumbai
zypp electric,Logistics & Supply Chain,series a,7000000.0,"Zypp is working to convert all deliveries for e-commerce, grocery, medicine and food vertical to go electric with e-scooter sharing app.",2021,Gurugram
alpha coach,Professional Training & Coaching,,1200000.0,One to One Personal Fitness Coaching,2021,Mumbai
vro hospitality,Hospitality,series a,3000000.0,One of the fastest-growing hospitality companies based out of Bangalore.,2021,Bengaluru
bytexl,Edtech,,200000.0,"ByteXL is the first-ever, one-stop-shop for self-learning course work and guided training – preparing a new generation of coders for the workforce.",2021,Hyderabad
leena ai,Computer Software,series b,30000000.0,AI to help enterprises transform the employee experience.,2021,Gurugram
cars24,Automotive,series f,450000000.0,"CARS24 is proud to be a tech-first organisation, looking to make inroads into the global auto-tech market in groundbreaking ways.",2021,Gurugram
klub,Financial Services,debt financing,2000000.0,"A team of fintech, investment banking, venture capital, and technology veterans who bring a founder-first mindset.",2021,Bengaluru
bluepad,Online Media,pre seed,200000.0,A one-stop solution for aggregated content  in vernacular languages,2021,Bengaluru
flobiz,Information Technology & Services,series b,31000000.0,Neobank for Growing SMBs. Simplify GST Billing & Accounting needs with myBillBook App.,2021,Bengaluru
tummoc,Mobility,seed,540000.0,Tummoc helps track and find actionable & accurate bus/metro/suburban rail intracity travel information.,2021,Bengaluru
design cafe,Design,,25000000.0,Design Cafe is on a mission to democratize good design for homes in India.,2021,Bengaluru
paycardo,Financial Services,pre seed,,A true Contactless & Cashless and secure payment system reducing cash dependency,2021,Pune
aerchain,Computer Software,pre series a,3000000.0,Advance Source-to-Pay cycle to a new level with Artificial Intelligence!,2021,Bengaluru
expertrons,Edtech,,,The world's largest AI Videobot platform providing futuristic solutions for businesses & colleges and employment,2021,Mumbai
curiousjr,Edtech,seed,1000000.0,CuriousJr is a platform to answer kids' curiosity and prepare them for 21st-century skills.,2021,Gurugram
wow momo,Food & Beverages,series c,15000000.0,WOW! Momo is one of the fastest-growing food brands in India.,2021,Kolkata
supertails,Consumer Services,,700000.0,Supertails is building a digital pet care platform which offers expert led healthcare services and products.,2021,Bengaluru
lifecell,Biotechnology,,30000000.0,A building block of the team that preserves the building blocks of life,2021,Chennai
zestmoney,Financial Services,series c,50000000.0,"ZestMoney helps make it accessible for millions to upgrade, to enhance, to rise, while keeping it affordable.",2021,Bengaluru
frontrow,Edtech,series a,14000000.0,"FrontRow enables everyone to pursue their passions - get better, learn from the best and get noticed!",2021,Bengaluru
happycredit,Fintech,pre seed,600000.0,"HappyCredit is on a mission to make online shopping delightful for 400mn bharat shoppers with credit, rewards, shopping inspiration and more.",2021,Bengaluru
endimension,Healtcare,seed,300000.0,Endimension Technology is a healthcare Artificial Intelligence startup incubated at IIT Bombay.,2021,Mumbai
frenzi,Online Media,seed,,India’s Fastest Growing Streaming Social Network,2021,Mumbai
leverage edu,Higher Education,,,India's Most Trusted Study Abroad Platform,2021,New Delhi
beepkart,Automotive,seed,3000000.0,BeepKart is building a platform to digitize and organize the used two-wheeler market.,2021,Bengaluru
lio,Computer Software,seed,5000000.0,"Lio is the one app for all data where you can create, keep records and track all the records",2021,Pune
travclan,B2B Travel,pre series a,2200000.0,A mission to solve a genuine problem faced by millions of travel entrepreneurs across the world.,2021,New Delhi
wickedgud,Food & Beverages,pre seed,340000.0,A mission to make every day eating guilt-free and change the way the world consumes comfort foods.,2021,Mumbai
enercomp,Information Technology & Services,,200000.0,Enercomp Solutions Pvt Ltd provide drone based economically viable solutions for different sectors to improve efficiency and accuracy.,2021,Ahmedabad
betterplace,Information Technology & Services,series c,24000000.0,"BetterPlace is India’s largest technology platform delivering digital solutions for blue-collar workforce management, throughout the entire value chain.",2021,Bengaluru
medpho,Hospital & Health Care,,1000000.0,Medpho is a healthcare service provider in India that connects doctors and patients at the click of a call.,2021,Noida
livquik technology,Financial Services,,4000000.0,LivQuik’s vision is to enable the efficient movement of money.,2021,Mumbai
eventbeep,Edtech,,,An inclusive community where students are inspired and empowered to reach their full potential,2021,Pune
gtm buddy,Computer Software,seed,2000000.0,Just-in-time Sales Enablement Platform,2021,Hyderabad
gobbly,Retail,pre series a,900000.0,A 24x7 automated retail store filled with daily essentials.,2021,Gurugram
hexahealth,Healthtech,seed,4500000.0,H2D is the most trusted online platform that connects the finest experts with people aspiring to achieve their Health Goals in a holistic way,2021,Mumbai
eupheus learning,Edtech,series c,10000000.0,Offer pedagogically differentiated technology driven solutions that lead to critical thinking and achievement of higher learning outcomes,2021,New Delhi
easiloan,Fintech,,1000000.0,"A Fintech startup, offering fast & easy digital processing of Home Loans in a completely reimagined and delightful way.",2021,Mumbai
anar,Information Technology & Services,seed,6200000.0,Anar Business Community App is a platform where businesses can create their free profile and grow their business network all over India.,2021,Mumbai
shadez,Consumer Services,pre series a,200000.0,"Smart painting process, latest automatic tools and professional painters make the process faster than any other conventional process of painting .",2021,Mumbai
vahan,Information Technology & Services,series a,8000000.0,"Help companies such as Zomato, Swiggy, Flipkart, Uber, Shadowfax etc. hire blue-collar workers and are on track to become India's largest recruitment platform.",2021,Bengaluru
mpl,sports,series e,,"Mobile Premier League (MPL), is India’s largest eSports and mobile gaming platform, with over 50+ games on its app on iOS and Android, and over 60 million users in India.",2021,Bengaluru
tinkerly,Edtech,,800000.0,"A STEM learning online-offline solutions provider that makes STEM learning & Coding fun and interesting with superior pedagogy, blended learning, and play-based curriculum.",2021,Jaipur
godamwale,Logistics & Supply Chain,,,Godamwale is tech enabled integrated logistics company providing end to end supply chain solutions.,2021,Mumbai
artium academy,Music,seed,750000.0,Artium Academy is an Online Music Education platform that makes learning fun and accessible to people of all ages.,2021,Mumbai
awon gamez,Gaming,seed,2000000.0,"An online platform on which developers can host their games and gamers can come together as a community to enjoy experiences, compete, challenge and win!",2021,Noida
ayu health,Health,series a,6300000.0,Ayu Health is a network of high quality hospitals focused on providing high quality healthcare for all.,2021,Bengaluru
apna,Recruitment,series c,100000000.0,India's largest professional networking & job opportunities platform for the rising workforce.,2021,Bengaluru
bharatagri,AgriTech,series a,6500000.0,Provide personalized farm solution to the farmers. Only app to provide actionable insights based on weather changes.,2021,Bengaluru
flatheads,Apparel & Fashion,pre series a,1000000.0,Flatheads are an enthusiastic team of young professionals building a retail brand in the casual footwear space.,2021,Bengaluru
boutique spirit brands,Wine & Spirits,,10000000.0,Boutique Spirit Brands is a leading Brand creation & manufacturing company of Branded alcoholic beverages in India.,2021,New Delhi
eshipz,SaaS,,700000.0,Digital Shipping Platform for Creating best Pre & Post Shipping Experiences to Brands and Enterprise Customers. and help grow their business by 5X with automation & cloud technology.,2021,Bengaluru
pine labs,Information Technology & Services,,100000000.0,A merchant platform company that provides financing and last-mile retail transaction technology to merchants,2021,Noida
paytail,Financial Services,seed,1500000.0,Paytail is revolutionizing the offline commerce by enabling instant paperless EMI's to consumers,2021,New Delhi
4fin,Financial Services,pre seed,1100000.0,4Fin is a Fintech Platform catering to needs of Smart Bharat.,2021,Pune
atomberg technologies,Consumer Electronics,,,A maker of energy-efficient smart fans,2021,Mumbai
genext students,Edtech,,,"LIVE online classes with expert tutors for K-12 for CBSE, ICSE and State Boards.",2021,Mumbai
immunitoai,Biotechnology,seed,1000000.0,Perform Antibody Discovery using Artificial Intelligence.,2021,Bengaluru
gameeon studios,Computer Games,,320000.0,"GameEon is based in the sleepless city of Mumbai, India and deals mainly in game development.",2021,Mumbai
farmers fresh zone,AgriTech,pre series a,800000.0,D2C Health and Wellness Brand for Fresh and Safe Fruits and Vegetables from farmers through traceable Supply Chain,2021,Kochi
anveshan,Food Production,seed,500000.0,Revolutionizing the food industry through technology by providing high-quality traceable food products,2021,Bengaluru
ockypocky,Edtech,seed,,OckyPocky is India's 1st interactive English learning app for preschool kids.,2021,Gurugram
coutloot,Consumer Services,pre series,8000000.0,"Empowering local markets to sell online socially, our mission is to bring 25M sellers online by 2023",2021,Mumbai
nova benefits,Health,series a,10000000.0,Nova Benefits is the one stop tech platform for providing the best health and wellness benefits to employees.,2021,Bengaluru
homelane,Interior Design,series e,50000000.0,"Tech-empowered teams have delivered over 20,000 homes across 16 cities over the last 7 years.",2021,Bengaluru
lido learning,Edtech,,10000000.0,LIDO is an  ed-tech company revolutionizing formal classroom education through a unique and immersive online classroom for every child in India.,2021,Mumbai
jar,Fintech,pre series a,4500000.0,A daily gold-savings app that saves spare change & auto-invests.,2021,Bengaluru
peppermint,Industrial Automation,,600000.0,Intelligent Housekeeping Robots for public and working spaces,2021,Pune
moneyhop,Financial Services,seed,1200000.0,moneyHOP is India’s first cross-border neo bank.,2021,London
codingal,Edtech,seed,1200000.0,Codingal is on a mission to inspire school kids to fall in love with coding. Backed by Y Combinator!,2021,Bengaluru
skit,AI startup,series b,23000000.0,Enabling enterprises to automate their contact centre operations using Voice AI.,2021,Bengaluru
revos,Automotive,series a,4000000.0,REVOS is a smart mobility platform that empowers all 2 and 3 wheeler vehicles through AI-integrated IoT  solutions,2021,Bengaluru
dezerv,Investment Management,seed,7000000.0,"Integrated Portfolios designed by experts with decades of investing, Unique access to pre-IPO and startup investing",2021,Mumbai
appsforbharat,Product studio,series a,10000000.0,"A mission to assist a billion Indians in their spiritual journey, through a range of products & services",2021,Bengaluru
habbit,Edtech,pre seed,320000.0,Habbit is online learning community for anyone looking to get mentored in a skill or hobby of their choice.,2021,Bengaluru
bikayi,E-commerce,series a,10000000.0,Empowering SMBs in India,2021,Hyderabad
sugarfit,Health,,10000000.0,"Innovative technology, compassionate diabetes experts and personalised plans, which will help lead a normal life once more.",2021,Bengaluru
dukaan,Retail,series a,11000000.0,"Help forward thinking entrepreneurs by providing them the platform to start, grow, and manage their business online.",2021,Bengaluru
vidyakul,Edtech,bridge,500000.0,Vidyakul is a group of academic experts.,2021,Gurugram
goodmylk,Food & Beverages,seed,1000000.0,Make plant-based food affordable and accessible in India.,2021,Bengaluru
fieldproxy,SaaS,seed,200000.0,Fieldproxy is a no-code platform that helps field servicing companies digitize their processes to better manage their on-ground technicians,2021,Chennai
neuropixelai,Deeptech,seed,800000.0,NeuroPixel.AI Labs is a deep tech start-up that works in application of advanced AI/ML and statistical learning theory in Computer Vision and Image Processing area for online retail storefronts.,2021,Bengaluru
elixia tech solutions,Information Technology & Services,pre series a,1000000.0,End to End Logistics Automation Expert,2021,Mumbai
bitscrunch,Blockchain,seed,700000.0,A consulting firm focused mainly on Data Analytics and DevOps.,2021,Chennai
prolgae,Biotechnology,seed,200000.0,Prolgae Spirulina Supplies Pvt. Ltd. is a Nordic-India joint operating company.,2021,The Nilgiris
biddano,Health,pre series a,2000000.0,India's first tech-enabled healthcare logistics platform.,2021,Pune
geniemode,B2B,,2000000.0,"Transforming global sourcing for retailers & suppliers in furniture, hard goods & fashion industry using technology.",2021,Gurugram
sapio analytics,Computer Software,,,Sapio helps government create policies driven by the power of data and AI.,2021,Mumbai
neokred,Fintech,seed,500000.0,Democratizing Open Banking,2021,Bengaluru
delhivery,Logistics & Supply Chain,series i,76000000.0,Delhivery is a leading logistics and supply chain services company in India.,2021,Gurugram
flipspaces,Design,pre series b,2000000.0,"Flipspaces is a global tech-enabled venture towards discovery, design and delivery of commercial and residential spaces",2021,Mumbai
fleek,Internet,seed,1000000.0,Fleek helps track & manage subscriptions in one place.,2021,Bengaluru
gokwik,Information Technology & Services,pre series a,5000000.0,GoKwik is a platform for solving shopping experience problems on e-commerce websites on the internet.,2021,New Delhi
proeon,Food Production,seed,2000000.0,"Innovating plant protein ingredients with superior nutrition, sensory and functional profiles from farm to formulation.",2021,Pune
infyu labs,AgriTech,seed,200000.0,InfyU Labs is a team of dedicated professionals from various fields of engineering with a common goal of making chemical-free fruits and vegetables accessible to everyone.,2021,Gandhinagar
techeagle,Aviation & Aerospace,seed,500000.0,"Safe, secure & reliable On-Demand Drone delivery network for medical, parcel & essential items",2021,Gurugram
voxelgrids,Deeptech,,5000000.0,"Voxelgrids is an Magnetic Resonance Imaging technology startup that is based out of Bengaluru, Karnataka, India.",2021,Bengaluru
cogos technologies,Logistics & Supply Chain,pre series a,2000000.0,A smart-tech-enabled platform offering a one-stop destination for all the intra-city link-supply chain.,2021,Bengaluru
gigforce,Staffing & Recruiting,pre series a,3000000.0,A gig/on-demand staffing company.,2021,Gurugram
vahdam,Food & Beverages,series d,20000000.0,VAHDAM is among the world’s first vertically integrated online-first tea brands.,2021,New Delhi
leap finance,Financial Services,series c,55000000.0,International education loans for high potential students.,2021,Bengaluru
collegedekho,Edtech,series b,26000000.0,"Collegedekho.com is Student’s Partner, Friend & Confidante, To Help Him Take a Decision and Move On to His Career Goals.",2021,Gurugram
werize,Financial Services,series a,8000000.0,India’s first socially distributed full stack financial services platform for small town India,2021,Bengaluru
